{
  "alias": "video/3486/3d-print-anything-with-the-blender-api",
  "category": "PyCon US 2015",
  "copyright_text": "creativeCommon",
  "description": "",
  "duration": null,
  "id": 3486,
  "language": "eng",
  "quality_notes": "",
  "recorded": "2015-04-11",
  "slug": "3d-print-anything-with-the-blender-api",
  "speakers": [
    "Jenny Cheng"
  ],
  "summary": "",
  "tags": [],
  "thumbnail_url": "https://i.ytimg.com/vi/ikcHP0Hd8Kc/hqdefault.jpg",
  "title": "3D Print Anything with the Blender API",
  "videos": [
    {
      "length": 0,
      "type": "youtube",
      "url": "https://www.youtube.com/watch?v=ikcHP0Hd8Kc"
    }
  ]
}
