{
  "alias": "video/3371/a-lightning-look-at-oreillys-python-books",
  "category": "ChiPy",
  "copyright_text": "CC BY",
  "description": "Wouldn't it be awesome if ChiPy wrote its own book? We'd be able to get\nBEvERages for weeks, maybe months on the royalty! If so, we'd need to\nsee what's already out there.\n\nThis lightning talk takes a look at O'Reilly's Python books using\nrequests and BeautifulSoup, with a little of scipy's hierarchical\nclustering on the book descriptions. It is presented in an iPython\nnotebook.\n",
  "duration": 900,
  "id": 3371,
  "language": "eng",
  "quality_notes": "",
  "recorded": "2014-12-11",
  "slug": "a-lightning-look-at-oreillys-python-books",
  "speakers": [
    "Tanya Schlusser"
  ],
  "tags": [
    "lightning talks"
  ],
  "thumbnail_url": "https://archive.org/services/img/pyvideo_3371___A_lightning_look_at_OReillys_Python_books",
  "title": "A lightning look at O'Reilly's Python books",
  "videos": [
    {
      "type": "archive.org",
      "url": "https://archive.org/details/pyvideo_3371___A_lightning_look_at_OReillys_Python_books"
    },
    {
      "length": 0,
      "type": "youtube",
      "url": "http://youtu.be/XKXk8EFnzdU"
    }
  ]
}
