{
  "alias": "video/2551/a-visual-guide-to-pandas",
  "category": "ChiPy",
  "copyright_text": "CC BY",
  "description": "",
  "duration": 30,
  "id": 2551,
  "language": "eng",
  "quality_notes": "",
  "recorded": "2013-12-12",
  "slug": "a-visual-guide-to-pandas",
  "speakers": [
    "Jason Wirth"
  ],
  "summary": "Pandas is the data-munging Swiss Army knife of the Python world. Often\nyou know how your data should look but it's not so obvious how to get\nthere, so I'll present a visual approach to learning the library and\ndata manipulation.\n",
  "tags": [],
  "thumbnail_url": "https://archive.org/services/img/pyvideo_2551___A_Visual_Guide_To_Pandas",
  "title": "A Visual Guide To Pandas",
  "videos": [
    {
      "type": "archive.org",
      "url": "https://archive.org/details/pyvideo_2551___A_Visual_Guide_To_Pandas"
    },
    {
      "length": 0,
      "type": "youtube",
      "url": "http://youtu.be/9d5-Ti6onew"
    }
  ]
}
