{
  "alias": "video/3437/a-winning-strategy-with-the-weakest-link-how-to",
  "category": "PyCon US 2015",
  "copyright_text": "creativeCommon",
  "description": "Working with weak references should not just be for Python wizards.\nWhether you have a cache, memoizing a function, tracking objects, or\nvarious other bookkeeping needs, you definitely do not want code leaking\nmemory or resources. In this talk, we will look at illuminating examples\ndrawn from a variety of sources on how to use weak references to prevent\nsuch bugs.\n",
  "duration": null,
  "id": 3437,
  "language": "eng",
  "quality_notes": "",
  "recorded": "2015-04-12",
  "slug": "a-winning-strategy-with-the-weakest-link-how-to",
  "speakers": [
    "Jim Baker"
  ],
  "summary": "",
  "tags": [],
  "thumbnail_url": "https://i.ytimg.com/vi/NknSssmLk4w/hqdefault.jpg",
  "title": "A Winning Strategy with The Weakest Link: how to use weak references to make your code more robust",
  "videos": [
    {
      "length": 0,
      "type": "youtube",
      "url": "https://www.youtube.com/watch?v=NknSssmLk4w"
    }
  ]
}
