{
  "alias": "video/3404/achieving-continuous-delivery-an-automation-stor",
  "category": "PyCon US 2015",
  "copyright_text": "youtube",
  "description": "Continuos Deployment is the act of deploying software constantly. The\nidea is if \"\"release early, release often\"\" is good, releasing very\noften is better. It's not trivial. Automation is part of the battle, and\ntesting is another. Learn to use tools like Jenkins and Ansible to move\nfrom deploying software once a month to 15 times every hour, and why\nyou'll want to.\n",
  "duration": null,
  "id": 3404,
  "language": "eng",
  "quality_notes": "",
  "recorded": "2015-04-12",
  "slug": "achieving-continuous-delivery-an-automation-stor",
  "speakers": [
    "James Cammarata"
  ],
  "summary": "",
  "tags": [],
  "thumbnail_url": "https://i.ytimg.com/vi/7tfTR42iNSs/hqdefault.jpg",
  "title": "Achieving Continuous Delivery: An Automation Story",
  "videos": [
    {
      "length": 0,
      "type": "youtube",
      "url": "https://www.youtube.com/watch?v=7tfTR42iNSs"
    }
  ]
}
