{
  "alias": "video/3384/ansible-101",
  "category": "PyCon US 2015",
  "copyright_text": "creativeCommon",
  "description": "Interested in Ansible, or in server orchestration and configuration\ngenerally? This tutorial will teach the basics -- and a few of the\nnot-so-basics -- of orchestrating machines with Ansible.\n",
  "duration": null,
  "id": 3384,
  "language": "eng",
  "quality_notes": "",
  "recorded": "2015-04-10",
  "slug": "ansible-101",
  "speakers": [
    "Luke Sneeringer"
  ],
  "summary": "",
  "tags": [],
  "thumbnail_url": "https://i.ytimg.com/vi/-i1pZ6vvMX8/hqdefault.jpg",
  "title": "Ansible 101",
  "videos": [
    {
      "length": 0,
      "type": "youtube",
      "url": "https://www.youtube.com/watch?v=-i1pZ6vvMX8"
    }
  ]
}
