{
  "alias": "video/3484/ansible-beyond-yaml",
  "category": "PyCon US 2015",
  "copyright_text": "creativeCommon",
  "description": "Ansible is a configuration management tool whose primary mode of\noperation involve using YAML to describe deployments and operations.\nHowever, it can do much more and be extended using python, which is what\nwe will explore in this talk. Among others, we will see the plugins\nsystem for various part of the tool and how to reuse Ansible in a\nscript.\n",
  "duration": null,
  "id": 3484,
  "language": "eng",
  "quality_notes": "",
  "recorded": "2015-04-11",
  "slug": "ansible-beyond-yaml",
  "speakers": [
    "Michael Scherer"
  ],
  "summary": "",
  "tags": [
    "ansible",
    "yaml"
  ],
  "thumbnail_url": "https://i.ytimg.com/vi/igJTEugHozM/hqdefault.jpg",
  "title": "Ansible beyond YAML",
  "videos": [
    {
      "length": 0,
      "type": "youtube",
      "url": "https://www.youtube.com/watch?v=igJTEugHozM"
    }
  ]
}
