{
  "alias": "video/2194/asynchronous-io-in-python-3",
  "category": "ChiPy",
  "copyright_text": "CC BY",
  "description": "",
  "duration": 80,
  "id": 2194,
  "language": "eng",
  "quality_notes": "",
  "recorded": "2013-07-11",
  "slug": "asynchronous-io-in-python-3",
  "speakers": [
    "Feihong Hsu"
  ],
  "summary": "Feihong talks about PEP 3156 and the basic usage of Tulip, the reference\nimplementation.\n",
  "tags": [
    "asynchronous",
    "tulip"
  ],
  "thumbnail_url": "https://i1.ytimg.com/vi/jMgRUI7V_mk/hqdefault.jpg",
  "title": "Asynchronous I/O in Python 3",
  "videos": [
    {
      "type": "mp4",
      "url": "http://s3.us.archive.org/ndvchipy/Asynchronous_IO_in_Python_3.mp4"
    },
    {
      "length": 0,
      "type": "youtube",
      "url": "https://www.youtube.com/watch?v=jMgRUI7V_mk"
    }
  ]
}
