{
  "alias": "video/589/asynchronous-vs--threaded-python",
  "category": "ChiPy",
  "copyright_text": "Creative Commons Attribution-NonCommercial-ShareAlike 3.0",
  "description": "Asynchronous vs. Threaded Python\n\nPresented at ChiPy by David Beazley on June 12th, 2009\n\nThis is the opening act to Mindblowing GIL. Covers threading vs.\nasynchronous programming in Python.\n",
  "duration": null,
  "id": 589,
  "language": "eng",
  "quality_notes": "",
  "recorded": "2009-06-11",
  "slug": "asynchronous-vs--threaded-python",
  "speakers": [],
  "summary": "",
  "tags": [
    "asynchronous",
    "chipy",
    "gil",
    "threads"
  ],
  "thumbnail_url": "https://archive.org/services/img/pyvideo_589___asynchronous-vs-threaded-python",
  "title": "Asynchronous vs. Threaded Python",
  "videos": [
    {
      "type": "archive.org",
      "url": "https://archive.org/details/pyvideo_589___asynchronous-vs-threaded-python"
    }
  ]
}
