{
  "alias": "video/3447/avoiding-burnout-and-other-essentials-of-open-so",
  "category": "PyCon US 2015",
  "copyright_text": "creativeCommon",
  "description": "As technical community managers we are faced with a unique set of\nchallenges. We do it because we love our communities, but we also are\noften guilty of neglecting our own very real needs in order to serve\nthose communities. We end up feeling guilty, run down, inadequate, and\nultimately burnt out.\n",
  "duration": null,
  "id": 3447,
  "language": "eng",
  "quality_notes": "",
  "recorded": "2015-04-12",
  "slug": "avoiding-burnout-and-other-essentials-of-open-so",
  "speakers": [
    "Kathleen Danielson"
  ],
  "summary": "",
  "tags": [],
  "thumbnail_url": "https://i.ytimg.com/vi/RbeHBnWfXUc/hqdefault.jpg",
  "title": "Avoiding Burnout, and other essentials of Open Source Self-Care",
  "videos": [
    {
      "length": 0,
      "type": "youtube",
      "url": "https://www.youtube.com/watch?v=RbeHBnWfXUc"
    }
  ]
}
