{
  "alias": "video/3397/bayesian-statistics-made-simple-1",
  "category": "PyCon US 2015",
  "copyright_text": "creativeCommon",
  "description": "An introduction to Bayesian statistics using Python. \u00a0Bayesian\nstatistics are usually presented mathematically, but many of the ideas\nare easier to understand computationally. \u00a0People who know Python can\nget started quickly and use Bayesian analysis to solve real problems.\n\u00a0This tutorial is based on material and case studies from Think Bayes\n(O\u2019Reilly Media).\n",
  "duration": null,
  "id": 3397,
  "language": "eng",
  "quality_notes": "",
  "recorded": "2015-04-10",
  "slug": "bayesian-statistics-made-simple-1",
  "speakers": [
    "Allen Downey"
  ],
  "summary": "",
  "tags": [],
  "thumbnail_url": "https://i.ytimg.com/vi/5W715nfJNJw/hqdefault.jpg",
  "title": "Bayesian statistics made simple",
  "videos": [
    {
      "length": 0,
      "type": "youtube",
      "url": "https://www.youtube.com/watch?v=5W715nfJNJw"
    }
  ]
}
