{
  "alias": "video/3511/beyond-pep-8-best-practices-for-beautiful-inte",
  "category": "PyCon US 2015",
  "copyright_text": "creativeCommon",
  "description": "Distillation of knowledge gained from a decade of Python consulting,\nPython training, code reviews, and serving as a core developer. Learn to\navoid some of the hazards of the PEP 8 style guide and learn what really\nmatters for creating beautiful intelligible code.\n",
  "duration": null,
  "id": 3511,
  "language": "eng",
  "quality_notes": "",
  "recorded": "2015-04-11",
  "slug": "beyond-pep-8-best-practices-for-beautiful-inte",
  "speakers": [
    "Raymond Hettinger"
  ],
  "summary": "",
  "tags": [],
  "thumbnail_url": "https://i.ytimg.com/vi/wf-BqAjZb8M/hqdefault.jpg",
  "title": "Beyond PEP 8 -- Best practices for beautiful intelligible code",
  "videos": [
    {
      "length": 0,
      "type": "youtube",
      "url": "https://www.youtube.com/watch?v=wf-BqAjZb8M"
    }
  ]
}
