{
  "alias": "video/3479/beyond-grep-practical-logging-and-metrics",
  "category": "PyCon US 2015",
  "copyright_text": "youtube",
  "description": "Your Python server applications are running but you\u2019re wondering what\nthey are doing? Your only clue about their current state is the server\nload? Let\u2019s have stroll through the landscape of logging and metrics so\nyou\u2019ll find the perfect fit for your use cases!\n",
  "duration": null,
  "id": 3479,
  "language": "eng",
  "quality_notes": "",
  "recorded": "2015-04-12",
  "slug": "beyond-grep-practical-logging-and-metrics",
  "speakers": [
    "Hynek Schlawack"
  ],
  "summary": "",
  "tags": [],
  "thumbnail_url": "https://i.ytimg.com/vi/gqmAwK0wNyw/hqdefault.jpg",
  "title": "Beyond grep: Practical Logging and Metrics",
  "videos": [
    {
      "length": 0,
      "type": "youtube",
      "url": "https://www.youtube.com/watch?v=gqmAwK0wNyw"
    }
  ]
}
