{
  "alias": "video/973/big-data-de-duping",
  "category": "ChiPy",
  "copyright_text": "",
  "description": "",
  "duration": null,
  "id": 973,
  "language": "eng",
  "quality_notes": "",
  "recorded": "2012-06-14",
  "slug": "big-data-de-duping",
  "speakers": [
    "Derek Eder",
    "Forest Gregg"
  ],
  "summary": "Derek Eder of Webitects and Forest Gregg, a Ph.D. student of sociology\nat the University of Chicago, will describe the Python library they are\ndeveloping to deduplicate tabular data, quickly, accurately, and at a\nlarge scale. The library facilitates the matching of related records in\ndifferent data sets, using a machine learning approach. They expect to\nhave a demo to show and will explain how they expect that the library\nwill be used.\n",
  "tags": [],
  "thumbnail_url": "https://i4.ytimg.com/vi/7Lwlo42j6aA/hqdefault.jpg",
  "title": "Big Data De-duping",
  "videos": [
    {
      "length": 0,
      "type": "youtube",
      "url": "https://www.youtube.com/watch?v=7Lwlo42j6aA"
    }
  ]
}
