{
  "description": "Just because a programming pattern or convention becomes popular doesn\u2019t always mean it\u2019s a good idea! Let\u2019s dig into the consensus the Python community has built around what constitutes \u201cPythonic\u201d code and look at the cases where the conventional wisdom is wrong. In the process, we\u2019ll learn how code in a dynamic language can become more readable and more effective.",
  "duration": 3650,
  "language": "eng",
  "recorded": "2019-11-20",
  "speakers": [
    "Brandon Rhodes"
  ],
  "thumbnail_url": "https://i.ytimg.com/vi/S0No2zSJmks/hqdefault.jpg",
  "title": "When Python Practices Go Wrong",
  "videos": [
    {
      "type": "youtube",
      "url": "https://www.youtube.com/watch?v=S0No2zSJmks"
    }
  ]
}
