{
  "alias": "video/3443/building-a-rest-api-using-django-django-rest-fr",
  "category": "PyCon US 2015",
  "copyright_text": "creativeCommon",
  "description": "Using a combination of Django and Django REST Framework, we will build a\nRestaurant Menu that can be managed via a REST API. Starting from the\ninstall of the Django REST Framework, we will build our way to a\nfunctional API that meets the needs of developers and end-users. You\nwill walk away with an understanding of the basic concepts of REST APIs\nand a working sample project.\n",
  "duration": null,
  "id": 3443,
  "language": "eng",
  "quality_notes": "Partial tutorial, only the beginning of the tutorial was recorded, sorry for the inconvenience",
  "recorded": "2015-04-11",
  "slug": "building-a-rest-api-using-django-django-rest-fr",
  "speakers": [
    "Kenny Yarboro"
  ],
  "summary": "",
  "tags": [],
  "thumbnail_url": "https://i.ytimg.com/vi/PwssEec3IRw/hqdefault.jpg",
  "title": "Building a REST API Using Django & Django REST Framework",
  "videos": [
    {
      "length": 0,
      "type": "youtube",
      "url": "https://www.youtube.com/watch?v=PwssEec3IRw"
    }
  ]
}
