{
  "alias": "video/3442/building-secure-systems",
  "category": "PyCon US 2015",
  "copyright_text": "creativeCommon",
  "description": "How do you build secure software? Why do we see bad security track\nrecords in projects that otherwise seem to tick all the right\nengineering boxes? Why is communicating about security issues so\npainful? More importantly: how can we do all of these things better?\n",
  "duration": null,
  "id": 3442,
  "language": "eng",
  "quality_notes": "",
  "recorded": "2015-04-11",
  "slug": "building-secure-systems",
  "speakers": [
    "Laurens Van Houtven"
  ],
  "summary": "",
  "tags": [],
  "thumbnail_url": "https://i.ytimg.com/vi/PjcTwqYSk-E/hqdefault.jpg",
  "title": "Building secure systems",
  "videos": [
    {
      "length": 0,
      "type": "youtube",
      "url": "https://www.youtube.com/watch?v=PjcTwqYSk-E"
    }
  ]
}
