{
  "alias": "video/3420/bytes-in-the-machine-inside-the-cpython-interpre",
  "category": "PyCon US 2015",
  "copyright_text": "creativeCommon",
  "description": "Have you ever wondered how the CPython interpreter works? Do you know\nwhere to find a 1,500 line switch statement in CPython? I'll talk about\nthe structure of the interpreter that we all use every day by explaining\nhow Ned Batchelder and I chased down a mysterious bug in Byterun, a\nPython interpreter written in Python. We'll also see visualizations of\nthe VM as it executes your code.\n",
  "duration": null,
  "id": 3420,
  "language": "eng",
  "quality_notes": "",
  "recorded": "2015-04-12",
  "slug": "bytes-in-the-machine-inside-the-cpython-interpre",
  "speakers": [
    "Allison Kaptur"
  ],
  "summary": "",
  "tags": [],
  "thumbnail_url": "https://i.ytimg.com/vi/HVUTjQzESeo/hqdefault.jpg",
  "title": "Bytes in the Machine: Inside the CPython interpreter",
  "videos": [
    {
      "length": 0,
      "type": "youtube",
      "url": "https://www.youtube.com/watch?v=HVUTjQzESeo"
    }
  ]
}
