{
  "alias": "video/580/changes-to-the-gil-in-python-3",
  "category": "ChiPy",
  "copyright_text": "Creative Commons Attribution-NonCommercial-ShareAlike 3.0",
  "description": "",
  "duration": null,
  "id": 580,
  "language": "eng",
  "quality_notes": "",
  "recorded": "2010-01-14",
  "slug": "changes-to-the-gil-in-python-3",
  "speakers": [
    "David Beazley"
  ],
  "summary": "Follow-up to David's last GIL talk in June 2009. This presentation walks\nthrough changes to the GIL that are being made.\n",
  "tags": [
    "chipy",
    "gil",
    "python3"
  ],
  "thumbnail_url": "https://archive.org/services/img/pyvideo_580___changes-to-the-gil-in-python-3",
  "title": "Changes to the GIL in Python 3",
  "videos": [
    {
      "type": "archive.org",
      "url": "https://archive.org/details/pyvideo_580___changes-to-the-gil-in-python-3"
    }
  ]
}
