{
  "description": "This April we will the start the fourth round of ChiPy's mentorship program. We have worked with more than 70 developers till now, and some of them have landed exciting jobs by showcasing their mentorship projects. I'll give a quick view of the program and what are we looking for in a mentor and a mentee.\nFAQ: http://www.chipy.org/pages/sigs/mentorship/",
  "duration": 420,
  "id": 4724,
  "language": "eng",
  "recorded": "2016-03-10",
  "related_urls": [
    "http://www.chipy.org/pages/sigs/mentorship/"
  ],
  "slug": "chipy-python-mentorship",
  "speakers": [
    "Tathagata"
  ],
  "thumbnail_url": "https://i.ytimg.com/vi/l9xwgde6J84/maxresdefault.jpg",
  "title": "ChiPy Python Mentorship",
  "videos": [
    {
      "type": "youtube",
      "url": "http://youtu.be/l9xwgde6J84"
    }
  ]
}
