{
  "alias": "video/566/chipy--chicago-python-user-group-jan----39-08-mee",
  "category": "ChiPy",
  "copyright_text": "",
  "description": "-  pickle module -- Atul Varma\n-  PyStage, an animation framework -- Christopher Allan Webber\n-  Python Scripting for OpenOffice -- Steve Githens\n\n",
  "duration": null,
  "id": 566,
  "language": "eng",
  "quality_notes": "",
  "recorded": "2008-01-01",
  "slug": "chipy--chicago-python-user-group-jan----39-08-mee",
  "speakers": [],
  "summary": "",
  "tags": [
    "chriswebber",
    "openoffice",
    "pickle",
    "pystage"
  ],
  "thumbnail_url": null,
  "title": "ChiPy: Chicago Python User Group Jan. '08 Meeting",
  "videos": [
    {
      "type": "google",
      "url": "http://video.google.com/videoplay?docid=-906354546937878632"
    }
  ]
}
