{
  "alias": "video/3445/choose-your-own-wsgi-deployment-adventure",
  "category": "PyCon US 2015",
  "copyright_text": "creativeCommon",
  "description": "From servers and proxies to configuration management, the Web Server\nGateway Interface (WSGI) deployment ecosystem is complicated for new\ndevelopers. This choose your own adventure talk contains decision points\nfor the audience to choose topics via text and email votes. Each choice\nleads down a separate path to explain different confusing WSGI subjects.\nBring your phone or laptop to participate!\n",
  "duration": null,
  "id": 3445,
  "language": "eng",
  "quality_notes": "",
  "recorded": "2015-04-12",
  "slug": "choose-your-own-wsgi-deployment-adventure",
  "speakers": [
    "Kate Heddleston",
    "Matt Makai"
  ],
  "summary": "",
  "tags": [],
  "thumbnail_url": "https://i.ytimg.com/vi/R-YvQ_YvzA4/hqdefault.jpg",
  "title": "Choose Your Own WSGI Deployment Adventure",
  "videos": [
    {
      "length": 0,
      "type": "youtube",
      "url": "https://www.youtube.com/watch?v=R-YvQ_YvzA4"
    }
  ]
}
