{
  "alias": "video/2448/civiclab-and-between-the-bars",
  "category": "ChiPy",
  "copyright_text": "CC BY",
  "description": "",
  "duration": 15,
  "id": 2448,
  "language": "eng",
  "quality_notes": "",
  "recorded": "2013-11-14",
  "slug": "civiclab-and-between-the-bars",
  "speakers": [
    "Benjamin Sugar"
  ],
  "summary": "In this talk, I will present on a slice of the maker movement called\n\"civic making\" and a new space that has opened up in Chicago to\nencourage this type creation, CivicLab. As an example of \"civic making\"\nI will discuss Between the Bars, a paper based blogging platform for\nthose who are incarcerated, built in Django. I will also discuss our\nchoice in framework and the pros/cons of our approach.\n",
  "tags": [],
  "thumbnail_url": "https://archive.org/services/img/pyvideo_2448___CivicLab_and_Between_the_bars",
  "title": "CivicLab and Between the Bars",
  "videos": [
    {
      "type": "archive.org",
      "url": "https://archive.org/details/pyvideo_2448___CivicLab_and_Between_the_bars"
    },
    {
      "length": 0,
      "type": "youtube",
      "url": "https://www.youtube.com/watch?v=-PbcJjr_SFE"
    }
  ]
}
