{
  "alias": "video/3401/closing-messages",
  "category": "PyCon US 2015",
  "copyright_text": "creativeCommon",
  "description": "",
  "duration": null,
  "id": 3401,
  "language": "eng",
  "quality_notes": "",
  "recorded": "2015-04-12",
  "slug": "closing-messages",
  "speakers": [
    "Brandon Rhodes"
  ],
  "summary": "",
  "tags": [],
  "thumbnail_url": "https://i.ytimg.com/vi/6_FOOvoBcZI/hqdefault.jpg",
  "title": "Closing Messages",
  "videos": [
    {
      "length": 0,
      "type": "youtube",
      "url": "https://www.youtube.com/watch?v=6_FOOvoBcZI"
    }
  ]
}
