{
  "alias": "video/576/customizing-the-django-admin",
  "category": "ChiPy",
  "copyright_text": "Creative Commons Attribution-NonCommercial-ShareAlike 3.0",
  "description": "-  Registering Models in the Admin\n-  Customizing the filtering, search, general display\n-  Adding Actions\n-  Inlines\n-  Custom Forms\n-  Making Fields Readonly by inheriting\n-  Integrating jQuery\n-  Custom Widgets like Image thumbnails\n-  Changing look and feel\n\n",
  "duration": null,
  "id": 576,
  "language": "eng",
  "quality_notes": "",
  "recorded": "2010-06-10",
  "slug": "customizing-the-django-admin",
  "speakers": [
    "Brian Ray"
  ],
  "summary": "I plan on showing a live example and customizing as we go. This will be\na pretty mid-level talk and should be interesting to those not familiar,\nthose who know django and considered using the admin, and for djangonuts\nwho want to do some pretty advanced stuff.\n",
  "tags": [
    "admin",
    "chipy",
    "customizing",
    "jquery"
  ],
  "thumbnail_url": "https://archive.org/services/img/pyvideo_576___customizing-the-django-admin",
  "title": "Customizing the Django Admin",
  "videos": [
    {
      "type": "archive.org",
      "url": "https://archive.org/details/pyvideo_576___customizing-the-django-admin"
    }
  ]
}
