{
  "alias": "video/3421/data-science-in-advertising-or-a-future-when-we",
  "category": "PyCon US 2015",
  "copyright_text": "creativeCommon",
  "description": "This talk would give you an in-depth overview of Real-Time Bidded (RTB)\nadvertising systems, and why with increasing sophistication in ad-tech,\nin the future we will wonder why we ever hated ads. In particular, this\ntalk will discuss technical challenges in ad systems and how we use\nComputational Advertising and Data Science to solve problems around\nClick Through Rate (CTR) Prediction, Auto-Bidding systems, Traffic\nPrediction, etc.\n",
  "duration": null,
  "id": 3421,
  "language": "eng",
  "quality_notes": "",
  "recorded": "2015-04-11",
  "slug": "data-science-in-advertising-or-a-future-when-we",
  "speakers": [
    "Soups Ranjan"
  ],
  "summary": "",
  "tags": [],
  "thumbnail_url": "https://i.ytimg.com/vi/HZTgLuOpFU8/hqdefault.jpg",
  "title": "Data Science in Advertising: Or a future when we love ads",
  "videos": [
    {
      "length": 0,
      "type": "youtube",
      "url": "https://www.youtube.com/watch?v=HZTgLuOpFU8"
    }
  ]
}
