{
  "alias": "video/3398/delving-into-the-django-admin",
  "category": "PyCon US 2015",
  "copyright_text": "creativeCommon",
  "description": "The admin interface is widely considered a \"\"killer feature\"\" of Django.\nAt its most basic, you can just register all your models and be on your\nway, but there's so much more available within Django's admin. This\ntutorial takes you step by step through the creation and progressive\nimprovement of an admin interface for a fictional library (all code is\npublicly available).\n",
  "duration": null,
  "id": 3398,
  "language": "eng",
  "quality_notes": "",
  "recorded": "2015-04-10",
  "slug": "delving-into-the-django-admin",
  "speakers": [
    "Jacinda Shelly"
  ],
  "summary": "",
  "tags": [],
  "thumbnail_url": "https://i.ytimg.com/vi/5ajZMpTcUZU/hqdefault.jpg",
  "title": "Delving into the Django Admin",
  "videos": [
    {
      "length": 0,
      "type": "youtube",
      "url": "https://www.youtube.com/watch?v=5ajZMpTcUZU"
    }
  ]
}
