{
  "alias": "video/3418/demystifying-docker",
  "category": "PyCon US 2015",
  "copyright_text": "creativeCommon",
  "description": "Docker was one of last year\u2019s most talked about open source projects -\nbut what is it? And what does it mean for deploying applications? This\ntalk will explain what Docker is and where it fits in with other\ndeployment techniques. Attendees will learn the fundamentals of Docker,\nsee some practical examples of how Docker is used, and consider if\nDocker could be a useful addition to their platform.\n",
  "duration": null,
  "id": 3418,
  "language": "eng",
  "quality_notes": "",
  "recorded": "2015-04-11",
  "slug": "demystifying-docker",
  "speakers": [
    "Andrew T. Baker"
  ],
  "summary": "",
  "tags": [],
  "thumbnail_url": "https://i.ytimg.com/vi/GVVtR_hrdKI/hqdefault.jpg",
  "title": "Demystifying Docker",
  "videos": [
    {
      "length": 0,
      "type": "youtube",
      "url": "https://www.youtube.com/watch?v=GVVtR_hrdKI"
    }
  ]
}
