{
  "alias": "video/3480/describing-descriptors",
  "category": "PyCon US 2015",
  "copyright_text": "creativeCommon",
  "description": "The Python library uses descriptors frequently, but most developers\noverlook this feature. This talk will cover what a descriptor is, the\ncurrent uses in the standard library, and how custom descriptors can be\nused in a developer\u2019s toolset to eliminate repeated code.\n",
  "duration": null,
  "id": 3480,
  "language": "eng",
  "quality_notes": "",
  "recorded": "2015-04-12",
  "slug": "describing-descriptors",
  "speakers": [
    "Laura Rupprecht"
  ],
  "summary": "",
  "tags": [],
  "thumbnail_url": "https://i.ytimg.com/vi/h2-WPwGnHqE/hqdefault.jpg",
  "title": "Describing Descriptors",
  "videos": [
    {
      "length": 0,
      "type": "youtube",
      "url": "https://www.youtube.com/watch?v=h2-WPwGnHqE"
    }
  ]
}
