{
  "alias": "video/3508/descriptors-and-metaclasses",
  "category": "PyCon US 2015",
  "copyright_text": "creativeCommon",
  "description": "Descriptors and metaclasses are advanced Python features. While it is\npossible to write Python programs without active knowledge of them,\nknowing more about them facilitates a deeper understanding of the\nlanguage. With examples, you will learn how they work and how to write\nyour own descriptors and metaclasses. Furthermore, you will understand\nwhen to use and when better not to use them.\n",
  "duration": null,
  "id": 3508,
  "language": "eng",
  "quality_notes": "",
  "recorded": "2015-04-10",
  "slug": "descriptors-and-metaclasses",
  "speakers": [
    "Mike M\u00fcller"
  ],
  "summary": "",
  "tags": [],
  "thumbnail_url": "https://i.ytimg.com/vi/v2WTVCyTYMw/hqdefault.jpg",
  "title": "Descriptors and Metaclasses",
  "videos": [
    {
      "length": 0,
      "type": "youtube",
      "url": "https://www.youtube.com/watch?v=v2WTVCyTYMw"
    }
  ]
}
