{
  "alias": "video/3461/distributed-systems-101",
  "category": "PyCon US 2015",
  "copyright_text": "creativeCommon",
  "description": "A very brief introduction to the theory and practice of distributed\nsystems.\n",
  "duration": null,
  "id": 3461,
  "language": "eng",
  "quality_notes": "",
  "recorded": "2015-04-11",
  "slug": "distributed-systems-101",
  "speakers": [
    "Laurens Van Houtven"
  ],
  "summary": "",
  "tags": [],
  "thumbnail_url": "https://i.ytimg.com/vi/YAFGQurdJ3U/hqdefault.jpg",
  "title": "Distributed Systems 101",
  "videos": [
    {
      "length": 0,
      "type": "youtube",
      "url": "https://www.youtube.com/watch?v=YAFGQurdJ3U"
    }
  ]
}
