{
  "description": "Does building your real time chat with Django sound fun to you? Let\u2019s get some help from Django Channels in order to do so. In this talk I\u2019d like to illustrate how we can use Django Channels for various purposes by showcasing its concepts and diverse use cases.\n\nThis talk will cover beginner topics around Django Channels and will teach attendees the basics in order to build a simple real time chat using the library.\n\nThis talk is mainly directed at beginners who are interested in learning more about Django Channels. It is expected that attendees have basic knowledge of Django (or at least Python). \n\nSome of the takeaways attendees are expected to have acquired by the end of the talk:\n\n- What is Django Channels and how does it work?\n- Main concepts for basic usage\n- How we can use the library to build cool stuff such as a real time chat",
  "duration": 2441,
  "language": "eng",
  "recorded": "2021-06-02",
  "related_urls": [
    {
      "label": "Talk announcement",
      "url": "https://2021.djangocon.eu/cfp/talk/ECY3JD/index.html"
    }
  ],
  "speakers": [
    ""
  ],
  "tags": [
    "Django",
    "DjangoConEU",
    "djangoconeu2021"
  ],
  "thumbnail_url": "https://i.ytimg.com/vi/4t11vbDlyvs/hqdefault.jpg",
  "title": "Your very own real time chat with Django Channels",
  "videos": [
    {
      "type": "youtube",
      "url": "https://www.youtube.com/watch?v=4t11vbDlyvs"
    }
  ]
}
