{
  "description": "This talk will show you how to combine SQL and ORM in Django applications.\nBoth ORM methods and SQL have their place.\nORM and Django's model classes give us a great development experience. We get an easy-to-use and powerful way to define, migrate, and use our database.\nSQL gives us access to all the features our database has to offer. It\n\nThe talk will be structured as follows:\n\n- Why care about SQL?\n- Working with data in Django - Common ORM use cases\n- Creating complex queries: Q, F, annotations\n- Creating and Addressing the N+1 query problem with Django ORM.\n- Everything works, so why use SQL?\n- Minimize Database access for maximal Performance\n- Use Features of complex sequel queries; Sub-Selects\n- Benefit from the SQL Know-How and documentation\n- Best of both worlds: Getting objects with raw queries\n- If all else fails: Directly using database connections for updates and analytics\n- Drawbacks of SQL in Django\n- Review: SQL, Django - How and Why",
  "duration": 2126,
  "language": "eng",
  "recorded": "2021-06-02",
  "related_urls": [
    {
      "label": "Talk announcement",
      "url": "https://2021.djangocon.eu/cfp/talk/PC7PZP/index.html"
    }
  ],
  "speakers": [
    "Stefan Baerisch"
  ],
  "tags": [
    "Django",
    "DjangoConEU",
    "djangoconeu2021"
  ],
  "thumbnail_url": "https://i.ytimg.com/vi/kIwGM-e7EhM/hqdefault.jpg",
  "title": "A SQL for Django",
  "videos": [
    {
      "type": "youtube",
      "url": "https://www.youtube.com/watch?v=kIwGM-e7EhM"
    }
  ]
}
