{
  "description": "Django\u2019s built-in migration framework is great. And it works tremendously. But that\u2019s only on the surface. Whenever you deploy your code and apply migrations in production, you are about to enter dangerous territory. I will point out common pitfalls and show you ways to avoid them. And with some additional best practices at hand, you will be ready for your next production deployment.\n\nThe talk slides are available on **Speaker Deck** (https://speakerdeck.com/markush/writing-safe-database-migrations-djangocon-europe-2021).",
  "duration": 1917,
  "language": "eng",
  "recorded": "2021-06-02",
  "related_urls": [
    {
      "label": "Talk announcement",
      "url": "https://2021.djangocon.eu/cfp/talk/F9J8CU/index.html"
    }
  ],
  "speakers": [
    "Markus Holtermann"
  ],
  "tags": [
    "Django",
    "DjangoConEU",
    "djangoconeu2021"
  ],
  "thumbnail_url": "https://i.ytimg.com/vi/q1BlFKXy-BU/hqdefault.jpg",
  "title": "Writing Safe Database Migrations",
  "videos": [
    {
      "type": "youtube",
      "url": "https://www.youtube.com/watch?v=q1BlFKXy-BU"
    }
  ]
}
