{
  "description": "The Jazzband project was launched 5 years ago to help maintainers find a way to secure the long-term maintenance of their Python projects. The result was a collective of volunteers that stepped up in a big way on the way to solve Open Source sustainability.\n\nIn this talk I'll dive into the history of the project, the good and bad of running the project for +5 years and the next steps for Jazzband.",
  "duration": 3464,
  "language": "eng",
  "recorded": "2021-06-04",
  "related_urls": [
    {
      "label": "Talk announcement",
      "url": "https://2021.djangocon.eu/cfp/talk/SDMA7T/index.html"
    }
  ],
  "speakers": [
    "Jannis Leidel (he/him)"
  ],
  "tags": [
    "Django",
    "DjangoConEU",
    "djangoconeu2021"
  ],
  "thumbnail_url": "https://i.ytimg.com/vi/n8EEhdFUl90/hqdefault.jpg",
  "title": "KEYNOTE: We're all part of this Jazzband 5 years later",
  "videos": [
    {
      "type": "youtube",
      "url": "https://www.youtube.com/watch?v=n8EEhdFUl90"
    }
  ]
}
