{
  "description": "The Django Software Foundation (DSF) is the independent foundation established as a 501(c)(3) non-profit that supports the development of Django. The goal of the DSF is to promote, support, and advance its open-source project, the Django Web framework. In my talk, I will give an overview of what the DSF is doing to support the advancement of Django through the various teams, committees, and boards that make up the foundation. I will also talk about how to contribute to the advancement of Django through both code and non-code contributions.",
  "duration": 2183,
  "language": "eng",
  "recorded": "2021-06-04",
  "related_urls": [
    {
      "label": "Talk announcement",
      "url": "https://2021.djangocon.eu/cfp/talk/APN93S/index.html"
    }
  ],
  "speakers": [
    "Anna Makarudze"
  ],
  "tags": [
    "Django",
    "DjangoConEU",
    "djangoconeu2021"
  ],
  "thumbnail_url": "https://i.ytimg.com/vi/Z_e-QoeZwEM/hqdefault.jpg",
  "title": "All about The Django Software Foundation DSF",
  "videos": [
    {
      "type": "youtube",
      "url": "https://www.youtube.com/watch?v=Z_e-QoeZwEM"
    }
  ]
}
