{
  "description": "The science on climate spells out the need for rapid, far-reaching, and unprecedented changes to how we work and live. What does this mean for the way we build digital services as djangonaugs?\n\nWe\u2019ll explore what we can, and should be doing as professional technologists in a climate emergency, the patterns emerging for more sustainable software engineering, and what a django designed to be the best choice for building future climate tech services might look like.",
  "duration": 4328,
  "language": "eng",
  "recorded": "2021-06-02",
  "related_urls": [
    {
      "label": "Talk announcement",
      "url": "https://2021.djangocon.eu/cfp/talk/TZ8E7H/index.html"
    }
  ],
  "speakers": [
    "Chris Adams"
  ],
  "tags": [
    "Django",
    "DjangoConEU",
    "djangoconeu2021"
  ],
  "thumbnail_url": "https://i.ytimg.com/vi/quLFLH36Lro/hqdefault.jpg",
  "title": "KEYNOTE How to be a djangonaut in a climate emergency",
  "videos": [
    {
      "type": "youtube",
      "url": "https://www.youtube.com/watch?v=quLFLH36Lro"
    }
  ]
}
