{
  "description": "In the talk we are going to optimize a real life Django application using advanced and exotic indexing techinics in PostgreSQL.\n\nWe are going to address performance issues in real life use cases using advanced indexing features in PostgreSQL:\n\n- B-Tree indexes\n- Covering indexes\n- Partial indexes\n- Function based indexes\n- Hash indexes\n- BRIN Indexes\n\nIf you are not sure what are all these index types are, this talk is for you!",
  "duration": 2872,
  "language": "eng",
  "recorded": "2021-06-04",
  "related_urls": [
    {
      "label": "Talk announcement",
      "url": "https://2021.djangocon.eu/cfp/talk/EYKPU8/index.html"
    }
  ],
  "speakers": [
    "Haki Benita"
  ],
  "tags": [
    "Django",
    "DjangoConEU",
    "djangoconeu2021"
  ],
  "thumbnail_url": "https://i.ytimg.com/vi/BhxCYK6TCwo/hqdefault.jpg",
  "title": "Unlocking the full potential of PostgreSQL indexes in Django",
  "videos": [
    {
      "type": "youtube",
      "url": "https://www.youtube.com/watch?v=BhxCYK6TCwo"
    }
  ]
}
