{
  "alias": "video/3505/django-in-depth-0",
  "category": "PyCon US 2015",
  "copyright_text": "creativeCommon",
  "description": "This is a tutorial that goes beyond most tutorials; it's meant for\ndevelopers who already know a bit about Django and want to really\nunderstand the inner guts of the framework. This tutorial will *not*\ninvolve writing code or apps; rather, it'll be a deep tour of the\nworkings and APIs of Django itself, across all the bundled components\nand at all levels of the stack.\n",
  "duration": null,
  "id": 3505,
  "language": "eng",
  "quality_notes": "",
  "recorded": "2015-04-10",
  "slug": "django-in-depth-0",
  "speakers": [
    "James Bennett"
  ],
  "summary": "",
  "tags": [],
  "thumbnail_url": "https://i.ytimg.com/vi/tkwZ1jG3XgA/hqdefault.jpg",
  "title": "Django in Depth",
  "videos": [
    {
      "length": 0,
      "type": "youtube",
      "url": "https://www.youtube.com/watch?v=tkwZ1jG3XgA"
    }
  ]
}
