{
  "alias": "video/3377/djangoelasticsearchhaystack-to-search-pdfs-and",
  "category": "ChiPy",
  "copyright_text": "CC BY",
  "description": "Have you ever wanted to search the contents of uploaded PDFs, Docs, and\nother document formats on your website? Django Haystack (with the\nElasticsearch search backend) is a great way to add search to your site,\nbut it does not support full document indexing out of the box. I'd like\nto share a solution that I cobbled together to allow this combination of\ntools the ability to search document contents.\n",
  "duration": 900,
  "id": 3377,
  "language": "eng",
  "quality_notes": "",
  "recorded": "2015-02-12",
  "slug": "djangoelasticsearchhaystack-to-search-pdfs-and",
  "speakers": [
    "Joe Jasinski"
  ],
  "summary": "",
  "tags": [],
  "thumbnail_url": "https://i.ytimg.com/vi/xr1b39XMtBQ/hqdefault.jpg",
  "title": "Django+Elasticsearch+Haystack to Search PDFs and Such",
  "videos": [
    {
      "type": "webm",
      "url": "http://s3.us.archive.org/nextdayvideo/DjangoElasticsearchHaystack_to.webm?Signature=VCu0QWgnQkqRJ0k%2BWEzBSpZoqnk%3D&Expires=1423871709&AWSAccessKeyId=FEWGReWX3QbNk0h3"
    },
    {
      "length": 0,
      "type": "youtube",
      "url": "http://youtu.be/xr1b39XMtBQ"
    }
  ]
}
