{
  "alias": "video/3463/docker-101-introduction-to-docker",
  "category": "PyCon US 2015",
  "copyright_text": "creativeCommon",
  "description": "Docker was one of last year\u2019s most talked about open source projects -\nbut what is it? And what does it mean for deploying applications? This\ntutorial will explain what Docker is and where it fits in with other\ndeployment and configuration management tools. Students will then learn\nthe basics of working with Docker containers, how to \u201cdockerize\u201d their\nPython apps, and some emerging best practices.\n",
  "duration": null,
  "id": 3463,
  "language": "eng",
  "quality_notes": "",
  "recorded": "2015-04-09",
  "slug": "docker-101-introduction-to-docker",
  "speakers": [
    "Andrew T. Baker"
  ],
  "summary": "",
  "tags": [],
  "thumbnail_url": "https://i.ytimg.com/vi/YiZkHUbE6N0/hqdefault.jpg",
  "title": "Docker 101: Introduction to Docker",
  "videos": [
    {
      "length": 0,
      "type": "youtube",
      "url": "https://www.youtube.com/watch?v=YiZkHUbE6N0"
    }
  ]
}
