{
  "alias": "video/3460/dont-make-us-say-we-told-you-so-virtualenv-for",
  "category": "PyCon US 2015",
  "copyright_text": "creativeCommon",
  "description": "Even though it\u2019s possible to program without using virtual environments,\nyou can shoot yourself in the foot without them. This talk will start\nwith an illustration of how not using virtual environments can mess you\nup as a programmer, and will walk you through a simple way to get\nstarted with good habits using virtualenv.\n",
  "duration": null,
  "id": 3460,
  "language": "eng",
  "quality_notes": "",
  "recorded": "2015-04-11",
  "slug": "dont-make-us-say-we-told-you-so-virtualenv-for",
  "speakers": [
    "Matt Makai",
    "Renee Chu"
  ],
  "summary": "",
  "tags": [],
  "thumbnail_url": "https://i.ytimg.com/vi/Xdv7vwIIThY/hqdefault.jpg",
  "title": "Don't Make Us Say We Told You So: virtualenv for New Pythonistas",
  "videos": [
    {
      "length": 0,
      "type": "youtube",
      "url": "https://www.youtube.com/watch?v=Xdv7vwIIThY"
    }
  ]
}
