{
  "alias": "video/3458/exploring-minecraft-and-python-learning-to-code",
  "category": "PyCon US 2015",
  "copyright_text": "creativeCommon",
  "description": "Interest and activity in childhood computing education continues to\ngrow. Meanwhile, Minecraft has become a massive cultural phenomenon as a\nfun, motivating platform that encourages exploration and play. This talk\ndemonstrates how Python can be used to teach programming while exploring\nthe world of Minecraft. We will cover how to set up learning\nenvironments, curricula, and case studies.\n",
  "duration": null,
  "id": 3458,
  "language": "eng",
  "quality_notes": "",
  "recorded": "2015-04-11",
  "slug": "exploring-minecraft-and-python-learning-to-code",
  "speakers": [
    "Kurt Grandis"
  ],
  "summary": "",
  "tags": [],
  "thumbnail_url": "https://i.ytimg.com/vi/WsPQDuHt__w/hqdefault.jpg",
  "title": "Exploring Minecraft and Python: Learning to Code Through Play",
  "videos": [
    {
      "length": 0,
      "type": "youtube",
      "url": "https://www.youtube.com/watch?v=WsPQDuHt__w"
    }
  ]
}
