{
  "alias": "video/3465/exploring-is-never-boring-understanding-cpython",
  "category": "PyCon US 2015",
  "copyright_text": "creativeCommon",
  "description": "Have you started to read the source code of CPython but not gotten as\nfar as you wanted? Maybe you want to understand more about CPython but\ndon't know where to begin. I'll present a number of strategies for\ngetting more familiar with Python under the hood that go beyond \"\"just\nread it!\"\" This talk isn't about contributing - it's about getting into\nthe code base and discovering interesting things.\n",
  "duration": null,
  "id": 3465,
  "language": "eng",
  "quality_notes": "",
  "recorded": "2015-04-12",
  "slug": "exploring-is-never-boring-understanding-cpython",
  "speakers": [
    "Allison Kaptur"
  ],
  "summary": "",
  "tags": [],
  "thumbnail_url": "https://i.ytimg.com/vi/ZSIRGLmQTLk/hqdefault.jpg",
  "title": "Exploring is never boring: understanding CPython without reading the code",
  "videos": [
    {
      "length": 0,
      "type": "youtube",
      "url": "https://www.youtube.com/watch?v=ZSIRGLmQTLk"
    }
  ]
}
