{
  "alias": "video/3466/facts-and-myths-about-python-names-and-values",
  "category": "PyCon US 2015",
  "copyright_text": "creativeCommon",
  "description": "The behavior of names and values in Python can be confusing. Like many\nparts of Python, it has an underlying simplicity that can be hard to\ndiscern, especially if you are used to other programming languages. Here\nI'll explain how it all works, and present some facts and myths along\nthe way. Call-by-reference? Call-by-value? The answer will be clear!\n",
  "duration": null,
  "id": 3466,
  "language": "eng",
  "quality_notes": "",
  "recorded": "2015-04-11",
  "slug": "facts-and-myths-about-python-names-and-values",
  "speakers": [
    "Ned Batchelder"
  ],
  "summary": "",
  "tags": [],
  "thumbnail_url": "https://i.ytimg.com/vi/_AEJHKGk9ns/hqdefault.jpg",
  "title": "Facts and Myths about Python names and values",
  "videos": [
    {
      "length": 0,
      "type": "youtube",
      "url": "https://www.youtube.com/watch?v=_AEJHKGk9ns"
    }
  ]
}
