{
  "alias": "video/3503/finding-spammers-scammers-through-rate-tracking",
  "category": "PyCon US 2015",
  "copyright_text": "creativeCommon",
  "description": "This talk provides an introduction to rate tracking as well as an\nexplanation of a particularly cool way to implement it. You will learn\nwhat rate tracking is, why you would want to do it, and then how you can\nuse build a Redis-backed \u201cvelocity engine\u201d in Python to do just that.\n",
  "duration": null,
  "id": 3503,
  "language": "eng",
  "quality_notes": "",
  "recorded": "2015-04-12",
  "slug": "finding-spammers-scammers-through-rate-tracking",
  "speakers": [
    "Jay Chan",
    "Mica Swyers"
  ],
  "summary": "",
  "tags": [],
  "thumbnail_url": "https://i.ytimg.com/vi/tIBkiXvEAC0/hqdefault.jpg",
  "title": "Finding Spammers & Scammers through Rate Tracking with Python & Redis",
  "videos": [
    {
      "length": 0,
      "type": "youtube",
      "url": "https://www.youtube.com/watch?v=tIBkiXvEAC0"
    }
  ]
}
