{
  "alias": "video/3487/fire-your-supervisord-running-python-apps-on-core",
  "category": "PyCon US 2015",
  "copyright_text": "creativeCommon",
  "description": "",
  "duration": null,
  "id": 3487,
  "language": "eng",
  "quality_notes": "",
  "recorded": "2015-04-11",
  "slug": "fire-your-supervisord-running-python-apps-on-core",
  "speakers": [
    "Dan Callahan"
  ],
  "summary": "",
  "tags": [],
  "thumbnail_url": "https://i.ytimg.com/vi/jCor69OeR0g/hqdefault.jpg",
  "title": "Fire your supervisord running Python apps on CoreOS",
  "videos": [
    {
      "length": 0,
      "type": "youtube",
      "url": "https://www.youtube.com/watch?v=jCor69OeR0g"
    }
  ]
}
