{
  "alias": "video/3410/flask-workshop",
  "category": "PyCon US 2015",
  "copyright_text": "creativeCommon",
  "description": "Flask is a web framework for Python based on Werkzeug, Jinja 2 and good\nintentions. It is considered a micro-framework, but don't get the\n\"\"micro\"\" part fool you; Flask can do everything others can do, many\ntimes in a simpler, leaner way. In this tutorial session we will build a\nweb application together. Bring your laptop and your questions!\n",
  "duration": null,
  "id": 3410,
  "language": "eng",
  "quality_notes": "",
  "recorded": "2015-04-11",
  "slug": "flask-workshop",
  "speakers": [
    "Miguel Grinberg"
  ],
  "summary": "",
  "tags": [],
  "thumbnail_url": "https://i.ytimg.com/vi/DIcpEg77gdE/hqdefault.jpg",
  "title": "Flask Workshop",
  "videos": [
    {
      "length": 0,
      "type": "youtube",
      "url": "https://www.youtube.com/watch?v=DIcpEg77gdE"
    }
  ]
}
