{
  "alias": "video/3408/free-software-free-people",
  "category": "PyCon US 2015",
  "copyright_text": "creativeCommon",
  "description": "Four years after the Arab Spring & 2 years after Snowden, little has\nchanged. What now? This talk will remember Telecomix, an ad-hoc activist\ncluster that supported free communication around the world. Stories of\nhumans and machines, reflection on 3 years of hacktivism & exploration\nof similarities to the free software community. It follows a 2011 Pycon\nlightning talk given after Tahrir Square.\n",
  "duration": null,
  "id": 3408,
  "language": "eng",
  "quality_notes": "",
  "recorded": "2015-04-12",
  "slug": "free-software-free-people",
  "speakers": [
    "Pete Fein"
  ],
  "summary": "",
  "tags": [],
  "thumbnail_url": "https://i.ytimg.com/vi/A3dimvwrnO8/hqdefault.jpg",
  "title": "Free Software, Free People",
  "videos": [
    {
      "length": 0,
      "type": "youtube",
      "url": "https://www.youtube.com/watch?v=A3dimvwrnO8"
    }
  ]
}
