{
  "alias": "video/2555/garbage-collection-w-ref-cycles",
  "category": "ChiPy",
  "copyright_text": "CC BY-NC",
  "description": "",
  "duration": 30,
  "id": 2555,
  "language": "eng",
  "quality_notes": "",
  "recorded": "2014-01-09",
  "slug": "garbage-collection-w-ref-cycles",
  "speakers": [
    "Aaron Brady"
  ],
  "summary": "Reference counting is very useful but it has an odd problem. We employ a\ntechnique from graphs to approach it. The solution works but it's a bit\nslow.\n",
  "tags": [],
  "thumbnail_url": "https://archive.org/services/img/pyvideo_2555___Garbage_Collection_w_Ref_Cycles",
  "title": "Garbage Collection w/ Ref. Cycles",
  "videos": [
    {
      "type": "archive.org",
      "url": "https://archive.org/details/pyvideo_2555___Garbage_Collection_w_Ref_Cycles"
    },
    {
      "length": 0,
      "type": "youtube",
      "url": "https://www.youtube.com/watch?v=VCeENPxyZJw"
    }
  ]
}
