{
  "alias": "video/3475/getting-comfortable-with-web-security-a-hands-on",
  "category": "PyCon US 2015",
  "copyright_text": "creativeCommon",
  "description": "Web application security can be an intimidating discipline, yet it can\nbe of supreme importance for the people who use the things we build.\n\nIn this tutorial, you'll learn about essential topics in web security,\nand you will gain hands-on practice identifying and leveraging\nvulnerabilities in a Python-based web app. For each issue, we will cover\nhow your code can stay on the side of safety.\n",
  "duration": null,
  "id": 3475,
  "language": "eng",
  "quality_notes": "",
  "recorded": "2015-04-10",
  "slug": "getting-comfortable-with-web-security-a-hands-on",
  "speakers": [
    "Asheesh Laroia",
    "Jacky Chang",
    "Nicole Zuckerman"
  ],
  "summary": "",
  "tags": [],
  "thumbnail_url": "https://i.ytimg.com/vi/f9XVNIeRxUo/hqdefault.jpg",
  "title": "Getting comfortable with web security: A hands-on session",
  "videos": [
    {
      "length": 0,
      "type": "youtube",
      "url": "https://www.youtube.com/watch?v=f9XVNIeRxUo"
    }
  ]
}
