{
  "alias": "video/3482/getting-to-jython-27-and-beyond",
  "category": "PyCon US 2015",
  "copyright_text": "creativeCommon",
  "description": "So how did we get to Jython 2.7 anyway? And what are our future plans?\nIn this talk, you will get a taste of how Jython works, some new\nfunctionality, and especially how Jython leverages both Python and Java\nto provide a very compatible solution.\n",
  "duration": null,
  "id": 3482,
  "language": "eng",
  "quality_notes": "",
  "recorded": "2015-04-12",
  "slug": "getting-to-jython-27-and-beyond",
  "speakers": [
    "Jim Baker"
  ],
  "summary": "",
  "tags": [],
  "thumbnail_url": "https://i.ytimg.com/vi/hLm3garVQFo/hqdefault.jpg",
  "title": "Getting to Jython 2.7 and beyond",
  "videos": [
    {
      "length": 0,
      "type": "youtube",
      "url": "https://www.youtube.com/watch?v=hLm3garVQFo"
    }
  ]
}
