{
  "alias": "video/579/gitpython-and-git-internals",
  "category": "ChiPy",
  "copyright_text": "Creative Commons Attribution-NonCommercial-ShareAlike 3.0",
  "description": "",
  "duration": null,
  "id": 579,
  "language": "eng",
  "quality_notes": "",
  "recorded": "2010-01-14",
  "related_urls": [
    "http://gitorious.org/git-python"
  ],
  "slug": "gitpython-and-git-internals",
  "speakers": [
    "Christopher Allan Webber"
  ],
  "summary": "Chris covers how git works, the internals, and using the GitPython\nlibrary.\n\n`GitPython <http://gitorious.org/git-python>`__\n",
  "tags": [
    "chipy",
    "git",
    "gitpython"
  ],
  "thumbnail_url": "https://archive.org/services/img/pyvideo_579___gitpython-and-git-internals",
  "title": "GitPython and Git Internals",
  "videos": [
    {
      "type": "archive.org",
      "url": "https://archive.org/details/pyvideo_579___gitpython-and-git-internals"
    }
  ]
}
