{
  "alias": "video/565/gnu-mediagoblin-for-a-federated-media-future",
  "category": "ChiPy",
  "copyright_text": "Creative Commons Attribution-ShareAlike 3.0",
  "description": "",
  "duration": null,
  "id": 565,
  "language": "eng",
  "quality_notes": "",
  "recorded": "2011-06-09",
  "slug": "gnu-mediagoblin-for-a-federated-media-future",
  "speakers": [
    "Christopher Allan Webber"
  ],
  "summary": "Christopher Allan Webber talks about GNU MediaGoblin, a federated\n(decentralized) media publishing system (images, and later other media\nlike video) written in python and under the AGPL. Infrastructure\ndiscussion describes what it means that GNU MediaGoblin uses an\nunframework / is \"wsgi minimalist\", about the choice of MongoDB and\nMongoKit, and how to impress an audience with ascii art mockups.\n",
  "tags": [
    "chipy",
    "foss",
    "gnu",
    "media",
    "mediagoblin",
    "mongodb",
    "mongokit",
    "wsgi"
  ],
  "thumbnail_url": "https://archive.org/services/img/pyvideo_565___gnu-mediagoblin-for-a-federated-media-future",
  "title": "GNU MediaGoblin for a federated media future",
  "videos": [
    {
      "type": "archive.org",
      "url": "https://archive.org/details/pyvideo_565___gnu-mediagoblin-for-a-federated-media-future"
    }
  ]
}
