{
  "alias": "video/3389/guido-van-rossum",
  "category": "PyCon US 2015",
  "copyright_text": "creativeCommon",
  "description": "",
  "duration": null,
  "id": 3389,
  "language": "eng",
  "quality_notes": "",
  "recorded": "2015-04-12",
  "slug": "guido-van-rossum",
  "speakers": [
    "Guido van Rossum"
  ],
  "summary": "",
  "tags": [],
  "thumbnail_url": "https://i.ytimg.com/vi/2wDvzy6Hgxg/hqdefault.jpg",
  "title": "Gradual Typing for Python 3",
  "videos": [
    {
      "length": 0,
      "type": "youtube",
      "url": "https://www.youtube.com/watch?v=2wDvzy6Hgxg"
    }
  ]
}
