{
  "alias": "video/3470/hadoop-with-python",
  "category": "PyCon US 2015",
  "copyright_text": "creativeCommon",
  "description": "In this tutorial, students will learn how to use Python with Apache\nHadoop to store, process, and analyze incredibly large data sets. Hadoop\nhas become the standard in distributed data processing, but has mostly\nrequired Java in the past. Today, there are a numerous open source\nprojects that support Hadoop in Python and this tutorial will show\nstudents how to use them.\n",
  "duration": null,
  "id": 3470,
  "language": "eng",
  "quality_notes": "",
  "recorded": "2015-04-11",
  "slug": "hadoop-with-python",
  "speakers": [
    "Donald Miner"
  ],
  "summary": "",
  "tags": [],
  "thumbnail_url": "https://i.ytimg.com/vi/b8HLYUp_fA8/hqdefault.jpg",
  "title": "Hadoop with Python",
  "videos": [
    {
      "length": 0,
      "type": "youtube",
      "url": "https://www.youtube.com/watch?v=b8HLYUp_fA8"
    }
  ]
}
