{
  "alias": "video/3428/hands-on-data-analysis-with-python",
  "category": "PyCon US 2015",
  "copyright_text": "creativeCommon",
  "description": "Python is quickly becoming the go-to language for data analysis.\nHowever, it can be difficult to figure out which tools are good to use.\nIn this workshop, we\u2019ll work through in-depth examples of tools for data\nwrangling, machine learning, and data visualization. I\u2019ll show you how\nto work through a data analysis workflow, and how to deal with different\nkinds of data.\n",
  "duration": null,
  "id": 3428,
  "language": "eng",
  "quality_notes": "",
  "recorded": "2015-04-10",
  "slug": "hands-on-data-analysis-with-python",
  "speakers": [
    "Sarah Guido"
  ],
  "summary": "",
  "tags": [],
  "thumbnail_url": "https://i.ytimg.com/vi/L4Hbv4ugUWk/hqdefault.jpg",
  "title": "Hands-on Data Analysis with Python",
  "videos": [
    {
      "length": 0,
      "type": "youtube",
      "url": "https://www.youtube.com/watch?v=L4Hbv4ugUWk"
    }
  ]
}
