{
  "alias": "video/3416/hands-on-with-pydata-how-to-build-a-minimal-reco",
  "category": "PyCon US 2015",
  "copyright_text": "creativeCommon",
  "description": "In this tutorial we'll set ourselves the goal of building a minimal\nrecommendation engine, and in the process learn about Python's excellent\nPydata and related projects and tools: NumPy, pandas, and the IPython\nNotebook.\n",
  "duration": null,
  "id": 3416,
  "language": "eng",
  "quality_notes": "",
  "recorded": "2015-04-11",
  "slug": "hands-on-with-pydata-how-to-build-a-minimal-reco",
  "speakers": [
    "Christian Fricke",
    "Diego Maniloff",
    "Zach Howard"
  ],
  "summary": "",
  "tags": [],
  "thumbnail_url": "https://i.ytimg.com/vi/F6gWjOc1FUs/hqdefault.jpg",
  "title": "Hands-on with Pydata: how to build a minimal recommendation engine.",
  "videos": [
    {
      "length": 0,
      "type": "youtube",
      "url": "https://www.youtube.com/watch?v=F6gWjOc1FUs"
    }
  ]
}
