{
  "alias": "video/3424/hash-functions-and-you-partners-in-freedom",
  "category": "PyCon US 2015",
  "copyright_text": "creativeCommon",
  "description": "Our trusty friend, the hash function, is as crucial to programming as\nlinked lists or recursion, but it doesn't always get the press that it\ndeserves.\n\nWe're going to talk about hash functions, some data structures involving\nhash functions, the stately bloom filter, and the security implications\nof password hashing.\n",
  "duration": null,
  "id": 3424,
  "language": "eng",
  "quality_notes": "",
  "recorded": "2015-04-12",
  "slug": "hash-functions-and-you-partners-in-freedom",
  "speakers": [
    "Curtis Lassam"
  ],
  "summary": "",
  "tags": [],
  "thumbnail_url": "https://i.ytimg.com/vi/IGwNQfjLTp0/hqdefault.jpg",
  "title": "Hash Functions and You: Partners in Freedom",
  "videos": [
    {
      "length": 0,
      "type": "youtube",
      "url": "https://www.youtube.com/watch?v=IGwNQfjLTp0"
    }
  ]
}
