{
  "alias": "video/3403/how-to-build-a-brain-with-python",
  "category": "PyCon US 2015",
  "copyright_text": "creativeCommon",
  "description": "",
  "duration": null,
  "id": 3403,
  "language": "eng",
  "quality_notes": "",
  "recorded": "2015-04-11",
  "slug": "how-to-build-a-brain-with-python",
  "speakers": [
    "Trevor Bekolay"
  ],
  "summary": "",
  "tags": [],
  "thumbnail_url": "https://i.ytimg.com/vi/7hvpoLKJHOw/hqdefault.jpg",
  "title": "How to build a brain with Python",
  "videos": [
    {
      "length": 0,
      "type": "youtube",
      "url": "https://www.youtube.com/watch?v=7hvpoLKJHOw"
    }
  ]
}
