{
  "alias": "video/3457/how-to-be-more-effective-with-functions",
  "category": "PyCon US 2015",
  "copyright_text": "creativeCommon",
  "description": "Functions improve readability, encourage reuse, and facilitate\nrefactoring. Python has many unique features that make functions\nsignificantly more powerful. This talk will show you the best ways to\nuse functions in Python: when \\*args is helpful and when it'll crash\nyour programs; how to use generators for arguments and return values;\nthe value of keyword vs. keyword-only arguments; and more!\n",
  "duration": null,
  "id": 3457,
  "language": "eng",
  "quality_notes": "",
  "recorded": "2015-04-11",
  "slug": "how-to-be-more-effective-with-functions",
  "speakers": [
    "Brett Slatkin"
  ],
  "summary": "",
  "tags": [],
  "thumbnail_url": "https://i.ytimg.com/vi/WjJUPxKB164/hqdefault.jpg",
  "title": "How to Be More Effective with Functions",
  "videos": [
    {
      "length": 0,
      "type": "youtube",
      "url": "https://www.youtube.com/watch?v=WjJUPxKB164"
    }
  ]
}
