{
  "alias": "video/3491/how-our-engineering-environments-are-killing-dive",
  "category": "PyCon US 2015",
  "copyright_text": "creativeCommon",
  "description": "This talk focuses on how engineering team environments can impact\nemployee behavior, and how environmental factors can prohibit diversity\nat tech companies. I will talk about some of the key problems that exist\nin current engineering environments and how they can be fixed.\n",
  "duration": null,
  "id": 3491,
  "language": "eng",
  "quality_notes": "",
  "recorded": "2015-04-11",
  "slug": "how-our-engineering-environments-are-killing-dive",
  "speakers": [
    "Kate Heddleston"
  ],
  "summary": "",
  "tags": [],
  "thumbnail_url": "https://i.ytimg.com/vi/kNke_4WOWAU/hqdefault.jpg",
  "title": "How our engineering environments are killing diversity (and how we can fix it).",
  "videos": [
    {
      "length": 0,
      "type": "youtube",
      "url": "https://www.youtube.com/watch?v=kNke_4WOWAU"
    }
  ]
}
