{
  "alias": "video/3489/how-to-interpret-your-own-genome-using-mostly-p",
  "category": "PyCon US 2015",
  "copyright_text": "creativeCommon",
  "description": "We\u2019ve entered the era of the $1000 human genome, and soon it will be\nstraightforward to get your own genome sequenced by a commercial\ncompany. But what does the data mean? What information can you get out\nof your genomic sequence? And what are the barriers to deeper analysis?\nWhat kinds of algorithms and databases are used in genomic analysis? All\nthis, and more, will be revealed in this talk.\n",
  "duration": null,
  "id": 3489,
  "language": "eng",
  "quality_notes": "",
  "recorded": "2015-04-11",
  "slug": "how-to-interpret-your-own-genome-using-mostly-p",
  "speakers": [
    "C. Titus Brown"
  ],
  "summary": "",
  "tags": [],
  "thumbnail_url": "https://i.ytimg.com/vi/jV4YMQHZmMk/hqdefault.jpg",
  "title": "How to interpret your own genome using (mostly) Python.",
  "videos": [
    {
      "length": 0,
      "type": "youtube",
      "url": "https://www.youtube.com/watch?v=jV4YMQHZmMk"
    }
  ]
}
