{
  "alias": "video/3427/how-to-make-your-code-python-23-compatible",
  "category": "PyCon US 2015",
  "copyright_text": "creativeCommon",
  "description": "You know Python 3 is an improvement over Python 2 and you want to use\nit. Unfortunately you have legacy Python 2 source code that needs to\nstay compatible. But don't fret! This talk will show you that you can\nmake your code be Python 2/3 source-compatible using various tools to\npick up the nitty-gritty work and help modernize your Python code to\nnewer Python 2 practices.\n",
  "duration": null,
  "id": 3427,
  "language": "eng",
  "quality_notes": "",
  "recorded": "2015-04-11",
  "slug": "how-to-make-your-code-python-23-compatible",
  "speakers": [
    "Brett Cannon"
  ],
  "summary": "",
  "tags": [],
  "thumbnail_url": "https://i.ytimg.com/vi/KPzDX5TX5HE/hqdefault.jpg",
  "title": "How to make your code Python 2/3 compatible",
  "videos": [
    {
      "length": 0,
      "type": "youtube",
      "url": "https://www.youtube.com/watch?v=KPzDX5TX5HE"
    }
  ]
}
