{
  "alias": "video/3499/how-to-write-reusable-code",
  "category": "PyCon US 2015",
  "copyright_text": "creativeCommon",
  "description": "Learning to write high-quality, reusable code takes years of dedicated\nwork. Or you can take a shortcut: attend this talk and learn some of the\ntricks I've figured out over a couple of decades of programming.\n",
  "duration": null,
  "id": 3499,
  "language": "eng",
  "quality_notes": "",
  "recorded": "2015-04-11",
  "slug": "how-to-write-reusable-code",
  "speakers": [
    "Greg Ward"
  ],
  "summary": "",
  "tags": [],
  "thumbnail_url": "https://i.ytimg.com/vi/r9cnHO15YgU/hqdefault.jpg",
  "title": "How to Write Reusable Code",
  "videos": [
    {
      "length": 0,
      "type": "youtube",
      "url": "https://www.youtube.com/watch?v=r9cnHO15YgU"
    }
  ]
}
