{
  "alias": "video/2450/how-open-source-hardware-will-change-the-world",
  "category": "ChiPy",
  "copyright_text": "CC BY-SA",
  "description": "",
  "duration": 8,
  "id": 2450,
  "language": "eng",
  "quality_notes": "",
  "recorded": "2013-11-14",
  "slug": "how-open-source-hardware-will-change-the-world",
  "speakers": [
    "Paul Ebreo"
  ],
  "summary": "What if there was an open source project that changed how we produce the\nmost fundamental apsects of our lives? From the food we eat, to the\nhouses we live in, this project wants to open source the tools we use to\nobtain what we need to live. Come to the ChiPy meeting to find out the\nname of the project.\n",
  "tags": [],
  "thumbnail_url": "https://archive.org/services/img/pyvideo_2450___How_Open_Source_Hardware_Will_Change_the_World",
  "title": "How Open Source Hardware Will Change the World",
  "videos": [
    {
      "type": "archive.org",
      "url": "https://archive.org/details/pyvideo_2450___How_Open_Source_Hardware_Will_Change_the_World"
    },
    {
      "length": 0,
      "type": "youtube",
      "url": "https://www.youtube.com/watch?v=RLRDnC9SQWk"
    }
  ]
}
