{
  "alias": "video/1869/hy-a-lisp-that-transforms-itself-into-the-python",
  "category": "ChiPy",
  "copyright_text": "CC BY",
  "description": "",
  "duration": 90,
  "id": 1869,
  "language": "eng",
  "quality_notes": "",
  "recorded": "2013-05-09",
  "slug": "hy-a-lisp-that-transforms-itself-into-the-python",
  "speakers": [
    "Christopher Webber"
  ],
  "summary": "",
  "tags": [],
  "thumbnail_url": "https://i1.ytimg.com/vi/SB9TWabor1k/hqdefault.jpg",
  "title": "Hy: A Lisp that transforms itself into the Python AST. ",
  "videos": [
    {
      "type": "mp4",
      "url": "http://s3.us.archive.org/ndvchipy/Hy_a_lisp_that_transforms_itse.mp4"
    },
    {
      "length": 0,
      "type": "youtube",
      "url": "https://www.youtube.com/watch?v=SB9TWabor1k"
    }
  ]
}
