{
  "alias": "video/3409/hyperactive-http2-and-python",
  "category": "PyCon US 2015",
  "copyright_text": "creativeCommon",
  "description": "The internet has spoken, HTTP is to get its first serious update in 15\nyears. In this talk we'll discuss what HTTP/2 is, why it's happening,\nand how it's going to affect you and everyone you love. We'll briefly\ntalk about how you can get started with HTTP/2, and some interesting\nprojects associated with it, including Hyper, the first Python HTTP/2\nlibrary.\n",
  "duration": null,
  "id": 3409,
  "language": "eng",
  "quality_notes": "",
  "recorded": "2015-04-11",
  "slug": "hyperactive-http2-and-python",
  "speakers": [
    "Cory Benfield"
  ],
  "summary": "",
  "tags": [],
  "thumbnail_url": "https://i.ytimg.com/vi/ACXVyvm5eTc/hqdefault.jpg",
  "title": "Hyperactive: HTTP/2 and Python",
  "videos": [
    {
      "length": 0,
      "type": "youtube",
      "url": "https://www.youtube.com/watch?v=ACXVyvm5eTc"
    }
  ]
}
