{
  "alias": "video/3452/i18n-world-domination-the-easy-way",
  "category": "PyCon US 2015",
  "copyright_text": "creativeCommon",
  "description": "Have you heard about internationalization (i18n) and wondered what it\nmeant? Perhaps your project already has i18n of its strings but you have\na nagging feeling you could be doing it better. This talk will walk\nthrough the basics of i18n\u2019ing a Django project (but the principles\napply to any project!), and how to make the process of localization\n(l10n) go more smoothly.\n",
  "duration": null,
  "id": 3452,
  "language": "eng",
  "quality_notes": "",
  "recorded": "2015-04-11",
  "slug": "i18n-world-domination-the-easy-way",
  "speakers": [
    "Sarina Canelake"
  ],
  "summary": "",
  "tags": [],
  "thumbnail_url": "https://i.ytimg.com/vi/UOOMFGURr5I/hqdefault.jpg",
  "title": "I18N: World Domination the Easy Way",
  "videos": [
    {
      "length": 0,
      "type": "youtube",
      "url": "https://www.youtube.com/watch?v=UOOMFGURr5I"
    }
  ]
}
