{
  "alias": "video/3411/improve-your-development-environments-with-virtua",
  "category": "PyCon US 2015",
  "copyright_text": "creativeCommon",
  "description": "A talk on how to employ virtualization to make development easier, more\nportable, and have it more closely adhere to production environments.\n",
  "duration": null,
  "id": 3411,
  "language": "eng",
  "quality_notes": "",
  "recorded": "2015-04-12",
  "slug": "improve-your-development-environments-with-virtua",
  "speakers": [
    "Luke Sneeringer"
  ],
  "summary": "",
  "tags": [],
  "thumbnail_url": "https://i.ytimg.com/vi/Dg_vPMnC7_k/hqdefault.jpg",
  "title": "Improve your development environments with virtualization",
  "videos": [
    {
      "length": 0,
      "type": "youtube",
      "url": "https://www.youtube.com/watch?v=Dg_vPMnC7_k"
    }
  ]
}
