{
  "alias": "video/1870/in-project-virtualenvs",
  "category": "ChiPy",
  "copyright_text": "CC BY",
  "description": "",
  "duration": 10,
  "id": 1870,
  "language": "eng",
  "quality_notes": "",
  "recorded": "2013-05-09",
  "slug": "in-project-virtualenvs",
  "speakers": [
    "Christopher Webber"
  ],
  "summary": "",
  "tags": [],
  "thumbnail_url": "https://i1.ytimg.com/vi/kXoSASlq7zU/hqdefault.jpg",
  "title": "In-project virtualenvs ",
  "videos": [
    {
      "type": "mp4",
      "url": "http://s3.us.archive.org/ndvchipy/Inproject_virtualenvs.mp4"
    },
    {
      "length": 0,
      "type": "youtube",
      "url": "https://www.youtube.com/watch?v=kXoSASlq7zU"
    }
  ]
}
