{
  "alias": "video/3438/interactive-data-for-the-web",
  "category": "PyCon US 2015",
  "copyright_text": "creativeCommon",
  "description": "Interactive data visualization libraries are mostly a JavaScript\nstronghold. The new Python library, Bokeh, provides a simple, clean way\nto make more shiny things. Although it comes from the data science\ncommunity, it has a lot to offer web developers. For a visualization you\nmight have built in d3.js, I'll show how to build it in Bokeh, how to\ntest it, and how to hook it into your web app.\n",
  "duration": null,
  "id": 3438,
  "language": "eng",
  "quality_notes": "",
  "recorded": "2015-04-12",
  "slug": "interactive-data-for-the-web",
  "speakers": [
    "Sarah Bird"
  ],
  "summary": "",
  "tags": [],
  "thumbnail_url": "https://i.ytimg.com/vi/O5OvOLK-xqQ/hqdefault.jpg",
  "title": "Interactive data for the web",
  "videos": [
    {
      "length": 0,
      "type": "youtube",
      "url": "https://www.youtube.com/watch?v=O5OvOLK-xqQ"
    }
  ]
}
