{
  "alias": "video/3407/introduction-to-spark-with-python",
  "category": "PyCon US 2015",
  "copyright_text": "creativeCommon",
  "description": "In this tutorial we will cover the basics of writing spark programs in\npython (initially from the pyspark shell, later with independent\napplications). We will also discuss some of the theory behind spark, and\nsome performance considerations when using spark in a cluster.\n",
  "duration": null,
  "id": 3407,
  "language": "eng",
  "quality_notes": "",
  "recorded": "2015-04-12",
  "slug": "introduction-to-spark-with-python",
  "speakers": [
    "Orlando Karam"
  ],
  "summary": "",
  "tags": [],
  "thumbnail_url": "https://i.ytimg.com/vi/9xYfNznjClE/hqdefault.jpg",
  "title": "Introduction to Spark with python",
  "videos": [
    {
      "length": 0,
      "type": "youtube",
      "url": "https://www.youtube.com/watch?v=9xYfNznjClE"
    }
  ]
}
