{
  "alias": "video/3422/introduction-to-https-a-comedy-of-errors",
  "category": "PyCon US 2015",
  "copyright_text": "creativeCommon",
  "description": "Given recent increases in hostile attacks on internet services and large\nscale surveillance operations by certain unnamed government\norganizations, security in our software is becoming ever more important.\nWe'll give you an idea of how modern crypto works in web services and\nclients, look at some of the common flaws in these crypto\nimplementations, and discuss recent developments in TLS.\n",
  "duration": null,
  "id": 3422,
  "language": "eng",
  "quality_notes": "",
  "recorded": "2015-04-11",
  "slug": "introduction-to-https-a-comedy-of-errors",
  "speakers": [
    "Ashwini Oruganti",
    "Christopher Armstrong"
  ],
  "summary": "",
  "tags": [],
  "thumbnail_url": "https://i.ytimg.com/vi/HqnUKTjxI1E/hqdefault.jpg",
  "title": "Introduction to HTTPS: A Comedy of Errors",
  "videos": [
    {
      "length": 0,
      "type": "youtube",
      "url": "https://www.youtube.com/watch?v=HqnUKTjxI1E"
    }
  ]
}
