{
  "alias": "video/3450/introduction-to-game-programming-with-kivy",
  "category": "PyCon US 2015",
  "copyright_text": "creativeCommon",
  "description": "This tutorial will walk the attendees through development of a simple\ngame using Kivy with time left over for some experimentation and\nexploration of different types of games.\n",
  "duration": null,
  "id": 3450,
  "language": "eng",
  "quality_notes": "",
  "recorded": "2015-04-12",
  "slug": "introduction-to-game-programming-with-kivy",
  "speakers": [
    "Richard Jones"
  ],
  "summary": "",
  "tags": [
    "kivy"
  ],
  "thumbnail_url": "https://i.ytimg.com/vi/U14P8gtjQmU/hqdefault.jpg",
  "title": "Introduction to game programming with Kivy",
  "videos": [
    {
      "length": 0,
      "type": "youtube",
      "url": "https://www.youtube.com/watch?v=U14P8gtjQmU"
    }
  ]
}
