{
  "alias": "video/3501/investigating-python-wats",
  "category": "PyCon US 2015",
  "copyright_text": "creativeCommon",
  "description": "Many of us have experienced a \"\"wat\"\" in Python - some behavior that\ntotally mystifies us. We'll look at three areas where wats arise -\nidentity, mutability, and scope. For each of these three topics, we'll\nlook at some common surprising behaviors, investigate the cause of the\nbehaviors, and cover some practical tips on how to avoid related bugs.\n",
  "duration": null,
  "id": 3501,
  "language": "eng",
  "quality_notes": "",
  "recorded": "2015-04-11",
  "slug": "investigating-python-wats",
  "speakers": [
    "Amy Hanlon"
  ],
  "summary": "",
  "tags": [],
  "thumbnail_url": "https://i.ytimg.com/vi/sH4XF6pKKmk/hqdefault.jpg",
  "title": "Investigating Python Wats",
  "videos": [
    {
      "length": 0,
      "type": "youtube",
      "url": "https://www.youtube.com/watch?v=sH4XF6pKKmk"
    }
  ]
}
