{
  "alias": "video/2195/ipython-notebook-demo",
  "category": "ChiPy",
  "copyright_text": "CC BY",
  "description": "",
  "duration": 26,
  "id": 2195,
  "language": "eng",
  "quality_notes": "",
  "recorded": "2013-07-11",
  "slug": "ipython-notebook-demo",
  "speakers": [
    "Jason Wirth"
  ],
  "summary": "ipython was a big focus of Scipy: Fernando gave a keynote, Brian gave a\ntalk, and there was a tutorial.\n\nipython appeals to a broad audience from beginners to advanced users.\n\"IDLE is awful and I basically learned Python using iPython\" says Jason,\nwhose presentation will touch on the powerful features and extensibility\nfor advanced users.\n",
  "tags": [
    "ipython"
  ],
  "thumbnail_url": "https://i1.ytimg.com/vi/upw-AIzWcfQ/hqdefault.jpg",
  "title": "ipython / notebook demo",
  "videos": [
    {
      "type": "mp4",
      "url": "http://s3.us.archive.org/ndvchipy/ipython_notebook_demo.mp4"
    },
    {
      "length": 0,
      "type": "youtube",
      "url": "https://www.youtube.com/watch?v=upw-AIzWcfQ"
    }
  ]
}
