{
  "alias": "video/3497/is-your-rest-api-restful",
  "category": "PyCon US 2015",
  "copyright_text": "creativeCommon",
  "description": "Writing a fully complaint REST API is hard, so hard it is too common for\nAPIs to violate one or more of the REST architectural principles. In\nthis talk I will describe the six REST principles, and I will tell you\nwhat happens if you don't follow them.\n",
  "duration": null,
  "id": 3497,
  "language": "eng",
  "quality_notes": "",
  "recorded": "2015-04-11",
  "slug": "is-your-rest-api-restful",
  "speakers": [
    "Miguel Grinberg"
  ],
  "summary": "",
  "tags": [],
  "thumbnail_url": "https://i.ytimg.com/vi/pZYRC8IbCwk/hqdefault.jpg",
  "title": "Is Your REST API RESTful?",
  "videos": [
    {
      "length": 0,
      "type": "youtube",
      "url": "https://www.youtube.com/watch?v=pZYRC8IbCwk"
    }
  ]
}
