{
  "alias": "video/3493/keynote-gabriella-coleman",
  "category": "PyCon US 2015",
  "copyright_text": "creativeCommon",
  "description": "",
  "duration": null,
  "id": 3493,
  "language": "eng",
  "quality_notes": "",
  "recorded": "2015-04-16",
  "slug": "keynote-gabriella-coleman",
  "speakers": [
    "Gabriella Coleman"
  ],
  "summary": "",
  "tags": [],
  "thumbnail_url": "https://i.ytimg.com/vi/lNqtyi3sM-k/hqdefault.jpg",
  "title": "Keynote  - Gabriella Coleman",
  "videos": [
    {
      "length": 0,
      "type": "youtube",
      "url": "https://www.youtube.com/watch?v=lNqtyi3sM-k"
    }
  ]
}
