{
  "alias": "video/3481/keynote-jacob-kaplan-moss-0",
  "category": "PyCon US 2015",
  "copyright_text": "creativeCommon",
  "description": "",
  "duration": null,
  "id": 3481,
  "language": "eng",
  "quality_notes": "",
  "recorded": "2015-04-12",
  "slug": "keynote-jacob-kaplan-moss-0",
  "speakers": [
    "Jacob Kaplan-Moss"
  ],
  "summary": "",
  "tags": [],
  "thumbnail_url": "https://i.ytimg.com/vi/hIJdFxYlEKE/hqdefault.jpg",
  "title": "Keynote - Jacob Kaplan-Moss",
  "videos": [
    {
      "length": 0,
      "type": "youtube",
      "url": "https://www.youtube.com/watch?v=hIJdFxYlEKE"
    }
  ]
}
