{
  "alias": "video/3430/keynote-catherine-bracy",
  "category": "PyCon US 2015",
  "copyright_text": "creativeCommon",
  "description": "",
  "duration": null,
  "id": 3430,
  "language": "eng",
  "quality_notes": "",
  "recorded": "2015-04-10",
  "slug": "keynote-catherine-bracy",
  "speakers": [
    "Catherine Bracy"
  ],
  "summary": "",
  "tags": [],
  "thumbnail_url": "https://i.ytimg.com/vi/LOZk5ttyC9Y/hqdefault.jpg",
  "title": "Keynote - Catherine Bracy",
  "videos": [
    {
      "length": 0,
      "type": "youtube",
      "url": "https://www.youtube.com/watch?v=LOZk5ttyC9Y"
    }
  ]
}
