{
  "alias": "video/3417/keynote-guido-van-rossum-1",
  "category": "PyCon US 2015",
  "copyright_text": "creativeCommon",
  "description": "",
  "duration": null,
  "id": 3417,
  "language": "eng",
  "quality_notes": "",
  "recorded": "2015-04-16",
  "slug": "keynote-guido-van-rossum-1",
  "speakers": [
    "Guido van Rossum"
  ],
  "summary": "",
  "tags": [],
  "thumbnail_url": "https://i.ytimg.com/vi/G-uKNd5TSBw/hqdefault.jpg",
  "title": "Keynote - Guido van Rossum",
  "videos": [
    {
      "length": 0,
      "type": "youtube",
      "url": "https://www.youtube.com/watch?v=G-uKNd5TSBw"
    }
  ]
}
