{
  "alias": "video/3494/keynote-van-lindberg-pycon-2015",
  "category": "PyCon US 2015",
  "copyright_text": "creativeCommon",
  "description": "",
  "duration": null,
  "id": 3494,
  "language": "eng",
  "quality_notes": "",
  "recorded": "2015-04-12",
  "slug": "keynote-van-lindberg-pycon-2015",
  "speakers": [
    "Van Lindberg"
  ],
  "summary": "",
  "tags": [],
  "thumbnail_url": "https://i.ytimg.com/vi/lvlfTZzJ2_Q/hqdefault.jpg",
  "title": "Keynote - Van Lindberg - Pycon 2015",
  "videos": [
    {
      "length": 0,
      "type": "youtube",
      "url": "https://www.youtube.com/watch?v=lvlfTZzJ2_Q"
    }
  ]
}
