{
  "alias": "video/3500/learning-from-others-mistakes-data-driven-analy",
  "category": "PyCon US 2015",
  "copyright_text": "creativeCommon",
  "description": "Static code analysis is an useful tool that can help to detect bugs\nearly in the software development life cycle. I will explain the basics\nof static analysis and show the challenges we face when analyzing Python\ncode. I will introduce a data-driven approach to code analysis that\nmakes use of public code and example-based learning and show how it can\nbe applied to analyzing Python code.\n",
  "duration": null,
  "id": 3500,
  "language": "eng",
  "quality_notes": "",
  "recorded": "2015-04-11",
  "slug": "learning-from-others-mistakes-data-driven-analy",
  "speakers": [
    "Andreas Dewes"
  ],
  "summary": "",
  "tags": [],
  "thumbnail_url": "https://i.ytimg.com/vi/rN0kNQLDYCI/hqdefault.jpg",
  "title": "Learning from other's mistakes: Data-driven analysis of Python code",
  "videos": [
    {
      "length": 0,
      "type": "youtube",
      "url": "https://www.youtube.com/watch?v=rN0kNQLDYCI"
    }
  ]
}
