{
  "alias": "video/2554/lexical-graphs-with-natural-language-processing-u",
  "category": "ChiPy",
  "copyright_text": "CC BY",
  "description": "",
  "duration": 45,
  "id": 2554,
  "language": "eng",
  "quality_notes": "",
  "recorded": "2014-01-09",
  "related_urls": [
    "http://bit.ly/1cS46Ba",
    "http://nltk.org/"
  ],
  "slug": "lexical-graphs-with-natural-language-processing-u",
  "speakers": [
    "Brian Ray"
  ],
  "summary": "Brian will talk about his experiences using Python and NLTK\nhttp://nltk.org/ to run language comparisons to generate lexical\ndifference graphs like the one mentioned in the \"Lexical Distance Among\nthe Languages of Europe\" article. http://bit.ly/1cS46Ba\n\nThe focus will be on the NLTK and how its internals work to process a\nlanguage. This talk will be his best one ever.\n",
  "tags": [],
  "thumbnail_url": "https://archive.org/services/img/pyvideo_2554___Lexical_Graphs_with_Natural_Language_Processing_us",
  "title": "Lexical Graphs with Natural Language Processing using NLTK",
  "videos": [
    {
      "type": "archive.org",
      "url": "https://archive.org/details/pyvideo_2554___Lexical_Graphs_with_Natural_Language_Processing_us"
    },
    {
      "length": 0,
      "type": "youtube",
      "url": "https://www.youtube.com/watch?v=cj-DTFmIUjE"
    }
  ]
}
