{
  "alias": "video/3472/lightning-talks-april-11th-8h30",
  "category": "PyCon US 2015",
  "copyright_text": "creativeCommon",
  "description": "",
  "duration": null,
  "id": 3472,
  "language": "eng",
  "quality_notes": "",
  "recorded": "2015-04-11",
  "slug": "lightning-talks-april-11th-8h30",
  "speakers": [
    "Various speakers"
  ],
  "tags": [
    "lightning talks"
  ],
  "thumbnail_url": "https://i.ytimg.com/vi/byClBydNI1A/hqdefault.jpg",
  "title": "Lightning Talks - April 11th 8h30",
  "videos": [
    {
      "length": 0,
      "type": "youtube",
      "url": "https://www.youtube.com/watch?v=byClBydNI1A"
    }
  ]
}
