{
  "alias": "video/3464/lighting-talks-april-12th-08h30",
  "category": "PyCon US 2015",
  "copyright_text": "creativeCommon",
  "description": "",
  "duration": null,
  "id": 3464,
  "language": "eng",
  "quality_notes": "",
  "recorded": "2015-04-12",
  "slug": "lighting-talks-april-12th-08h30",
  "speakers": [
    "Various speakers"
  ],
  "tags": [
    "lightning talks"
  ],
  "thumbnail_url": "https://i.ytimg.com/vi/ZEE3dlo7ov0/hqdefault.jpg",
  "title": "Lightning Talks - April 12th 08h30",
  "videos": [
    {
      "length": 0,
      "type": "youtube",
      "url": "https://www.youtube.com/watch?v=ZEE3dlo7ov0"
    }
  ]
}
