{
  "alias": "video/3426/lighting-talks-april-11th-17h30",
  "category": "PyCon US 2015",
  "copyright_text": "creativeCommon",
  "description": "",
  "duration": null,
  "id": 3426,
  "language": "eng",
  "quality_notes": "",
  "recorded": "2015-04-12",
  "slug": "lighting-talks-april-11th-17h30",
  "speakers": [
    "Various speakers"
  ],
  "tags": [
    "lightning talks"
  ],
  "thumbnail_url": "https://i.ytimg.com/vi/JVVMMULwR4s/hqdefault.jpg",
  "title": "Lightning Talks - April 11th 17h30",
  "videos": [
    {
      "length": 0,
      "type": "youtube",
      "url": "https://www.youtube.com/watch?v=JVVMMULwR4s"
    }
  ]
}
