{
  "alias": "video/3514/lighting-talks-april-10th",
  "category": "PyCon US 2015",
  "copyright_text": "creativeCommon",
  "description": "",
  "duration": null,
  "id": 3514,
  "language": "eng",
  "quality_notes": "",
  "recorded": "2015-04-11",
  "slug": "lighting-talks-april-10th",
  "speakers": [
    "Various speakers"
  ],
  "tags": [
    "lightning talks"
  ],
  "thumbnail_url": "https://i.ytimg.com/vi/yws4n-0-Yj8/hqdefault.jpg",
  "title": "Lightning Talks - April 10th",
  "videos": [
    {
      "length": 0,
      "type": "youtube",
      "url": "https://www.youtube.com/watch?v=yws4n-0-Yj8"
    }
  ]
}
