{
  "alias": "video/3412/losing-your-loops-fast-numerical-computing-with-n",
  "category": "PyCon US 2015",
  "copyright_text": "creativeCommon",
  "description": "",
  "duration": null,
  "id": 3412,
  "language": "eng",
  "quality_notes": "",
  "recorded": "2015-04-11",
  "slug": "losing-your-loops-fast-numerical-computing-with-n",
  "speakers": [
    "Jake VanderPlas"
  ],
  "summary": "",
  "tags": [],
  "thumbnail_url": "https://i.ytimg.com/vi/EEUXKG97YRw/hqdefault.jpg",
  "title": "Losing your Loops Fast Numerical Computing with NumPy",
  "videos": [
    {
      "length": 0,
      "type": "youtube",
      "url": "https://www.youtube.com/watch?v=EEUXKG97YRw"
    }
  ]
}
