{
  "alias": "video/3429/machine-learning-with-scikit-learn-i",
  "category": "PyCon US 2015",
  "copyright_text": "creativeCommon",
  "description": "This tutorial will offer an introduction to the core concepts of machine\nlearning and the Scikit-Learn package. We will introduce the\nscikit-learn API, and use it to explore the basic categories of machine\nlearning problems and related topics such as feature selection and model\nvalidation, and practice applying these tools to real-world data sets.\n",
  "duration": null,
  "id": 3429,
  "language": "eng",
  "quality_notes": "",
  "recorded": "2015-04-09",
  "slug": "machine-learning-with-scikit-learn-i",
  "speakers": [
    "Jake VanderPlas"
  ],
  "summary": "",
  "tags": [],
  "thumbnail_url": "https://i.ytimg.com/vi/L7R4HUQ-eQ0/hqdefault.jpg",
  "title": "Machine Learning with Scikit-Learn (I)",
  "videos": [
    {
      "length": 0,
      "type": "youtube",
      "url": "https://www.youtube.com/watch?v=L7R4HUQ-eQ0"
    }
  ]
}
