{
  "alias": "video/3495/machine-learning-with-scikit-learn-ii",
  "category": "PyCon US 2015",
  "copyright_text": "creativeCommon",
  "description": "This tutorial will offer an overview of common usage and methodological\npatterns when using Scikit-Learn to build predictive models. In\nparticular we will highlight common strategies to deal with data with\nheterogeneously typed attributes with pandas dataframes, model\nevaluation and tuning. Finally if time permits we will explore the\nspecificities of working with textual data.\n",
  "duration": null,
  "id": 3495,
  "language": "eng",
  "quality_notes": "",
  "recorded": "2015-04-12",
  "slug": "machine-learning-with-scikit-learn-ii",
  "speakers": [
    "Olivier Grisel"
  ],
  "summary": "",
  "tags": [],
  "thumbnail_url": "https://i.ytimg.com/vi/oGqGxvqA9-k/hqdefault.jpg",
  "title": "Machine Learning with Scikit-Learn (II)",
  "videos": [
    {
      "length": 0,
      "type": "youtube",
      "url": "https://www.youtube.com/watch?v=oGqGxvqA9-k"
    }
  ]
}
