{
  "alias": "video/3498/machine-learning-101",
  "category": "PyCon US 2015",
  "copyright_text": "creativeCommon",
  "description": "Machine learning is a crucial part of modern software development.\nLibraries like pandas, scikit-learn, gensim, and Theano help developers\nbuild projects that were previously impossible, and these applications\nempower our users and can make fundamental improvements in daily life.\nThis talk will show you the why, what, and how of machine learning in\nPython.\n",
  "duration": null,
  "id": 3498,
  "language": "eng",
  "quality_notes": "",
  "recorded": "2015-04-11",
  "slug": "machine-learning-101",
  "speakers": [
    "Kyle Kastner"
  ],
  "summary": "",
  "tags": [],
  "thumbnail_url": "https://i.ytimg.com/vi/r-1XJBHot58/hqdefault.jpg",
  "title": "Machine Learning 101",
  "videos": [
    {
      "length": 0,
      "type": "youtube",
      "url": "https://www.youtube.com/watch?v=r-1XJBHot58"
    }
  ]
}
