{
  "alias": "video/3434/make-your-own-smart-air-conditioner",
  "category": "PyCon US 2015",
  "copyright_text": "creativeCommon",
  "description": "",
  "duration": null,
  "id": 3434,
  "language": "eng",
  "quality_notes": "",
  "recorded": "2015-04-11",
  "slug": "make-your-own-smart-air-conditioner",
  "speakers": [
    "Miriam Lauter"
  ],
  "summary": "",
  "tags": [],
  "thumbnail_url": "https://i.ytimg.com/vi/MILdMBgxdq8/hqdefault.jpg",
  "title": "Make your own Smart Air Conditioner",
  "videos": [
    {
      "length": 0,
      "type": "youtube",
      "url": "https://www.youtube.com/watch?v=MILdMBgxdq8"
    }
  ]
}
