{
  "alias": "video/3406/making-beautiful-graphs-in-python-and-sharing-the",
  "category": "PyCon US 2015",
  "copyright_text": "creativeCommon",
  "description": "From Python basics to NYT-quality graphics, we walk through workflows to\nmake beautiful, shareable data visualizations. We\u2019ll also explore 3D\nplotting in the browser, cross-language collaboration, and matplotlib\nfigure conversion. By using Python\u2019s scientific stack and an IPython\nnotebook--attendees may follow along. For data analysts, data\njournalists, and anyone who likes plots.\n",
  "duration": null,
  "id": 3406,
  "language": "eng",
  "quality_notes": "",
  "recorded": "2015-04-12",
  "slug": "making-beautiful-graphs-in-python-and-sharing-the",
  "speakers": [
    "Andrew Seier",
    "\u00c9tienne T\u00e9treault-Pinard",
    "Marianne Corvellec"
  ],
  "summary": "",
  "tags": [],
  "thumbnail_url": "https://i.ytimg.com/vi/9F_kkf7CDQs/hqdefault.jpg",
  "title": "Making Beautiful Graphs in Python and Sharing Them",
  "videos": [
    {
      "length": 0,
      "type": "youtube",
      "url": "https://www.youtube.com/watch?v=9F_kkf7CDQs"
    }
  ]
}
