{
  "alias": "video/3513/managing-your-infrastructure-with-saltstack",
  "category": "PyCon US 2015",
  "copyright_text": "creativeCommon",
  "description": "Are you still using SSH to manage your servers? Deploying code manually\nwith rsync? There\u2019s a better way. SaltStack is one of the latest and\ngreatest tools for system management. Once you have a foundation of\nlightning-fast remote execution, you can build anything on top of it.\nPlus, it\u2019s written in Python, and easy to extend!\n",
  "duration": null,
  "id": 3513,
  "language": "eng",
  "quality_notes": "",
  "recorded": "2015-04-12",
  "slug": "managing-your-infrastructure-with-saltstack",
  "speakers": [
    "Colton Myers"
  ],
  "summary": "",
  "tags": [],
  "thumbnail_url": "https://i.ytimg.com/vi/y-zQUqMHRX4/hqdefault.jpg",
  "title": "Managing Your Infrastructure with SaltStack",
  "videos": [
    {
      "length": 0,
      "type": "youtube",
      "url": "https://www.youtube.com/watch?v=y-zQUqMHRX4"
    }
  ]
}
