{
  "alias": "video/1350/matplotlib-examples-uses",
  "category": "ChiPy",
  "copyright_text": "",
  "description": "",
  "duration": null,
  "id": 1350,
  "language": "eng",
  "quality_notes": "",
  "recorded": "2012-09-13",
  "slug": "matplotlib-examples-uses",
  "speakers": [
    "Greg Kettler"
  ],
  "summary": "Two examples of using matplotlib: first, in Greg's PhD research in\nmarine microbiology; second, in plotting baseball PITCHf/x data.\n",
  "tags": [],
  "thumbnail_url": "https://i1.ytimg.com/vi/lX1tFs6mtvk/hqdefault.jpg",
  "title": "Matplotlib Examples Uses",
  "videos": [
    {
      "type": "mp4",
      "url": "http://s3.us.archive.org/nextdayvideo/chipy/chipy_sep_2012/Matplotlib_Examples_Uses.mp4?Signature=gdkVJY5Uqn7R6EmWCEMV8cMtJ5A%3D&Expires=1347922286&AWSAccessKeyId=FEWGReWX3QbNk0h3"
    },
    {
      "length": 0,
      "type": "youtube",
      "url": "https://www.youtube.com/watch?v=lX1tFs6mtvk"
    }
  ]
}
