{
  "alias": "video/1418/mediagoblin-update",
  "category": "ChiPy",
  "copyright_text": "Creative Commons BY-SA 3.0",
  "description": "",
  "duration": null,
  "id": 1418,
  "language": "eng",
  "quality_notes": "",
  "recorded": "2012-10-11",
  "slug": "mediagoblin-update",
  "speakers": [
    "Christopher Allan Webber"
  ],
  "summary": "GNU MediaGoblin is a free software media publishing system written in\nPython for images, video, and audio. This talk starts by tricking you\ninto watching the mediagoblin\\_campaign\\_pitch video, and then Chris\nexplains how he used Python to drive Blender to make the animated\neffects.\n",
  "tags": [],
  "thumbnail_url": "https://i2.ytimg.com/vi/MrEoE0Py5ZY/hqdefault.jpg",
  "title": "MediaGoblin Update",
  "videos": [
    {
      "type": "mp4",
      "url": "http://s3.us.archive.org/nextdayvideo/chipy/chipy_oct_2012/MediaGoblin_Update.mp4?Signature=7YwMLKLZ1QQS6M7jhRh1XW5F%2BZ0%3D&Expires=1350083294&AWSAccessKeyId=FEWGReWX3QbNk0h3"
    },
    {
      "length": 0,
      "type": "youtube",
      "url": "https://www.youtube.com/watch?v=MrEoE0Py5ZY"
    }
  ]
}
