{
  "alias": "video/588/mindblowing-python-gil",
  "category": "ChiPy",
  "copyright_text": "Creative Commons Attribution-NonCommercial-ShareAlike 3.0",
  "description": "Mindblowing Python GIL\n\nPresented by David Beazley at ChiPy on June 11, 2009\n\nDavid Beazley: mind-blowing presentation about how the Python GIL\nactually works and why it's even worse than most people even imagine.\n\nSlides: http://www.dabeaz.com/python/GIL.pdf\n\n[VIDEO HAS PROBLEMS: audio is fuzzy]\n",
  "duration": null,
  "id": 588,
  "language": "eng",
  "quality_notes": "",
  "recorded": "2009-06-11",
  "related_urls": [
    "http://www.dabeaz.com/python/GIL.pdf"
  ],
  "slug": "mindblowing-python-gil",
  "speakers": [
    "David Beazley"
  ],
  "summary": "",
  "tags": [
    "chipy",
    "gil",
    "python-advanced"
  ],
  "thumbnail_url": "https://archive.org/services/img/pyvideo_588___mindblowing-python-gil",
  "title": "Mindblowing Python GIL",
  "videos": [
    {
      "type": "archive.org",
      "url": "https://archive.org/details/pyvideo_588___mindblowing-python-gil"
    }
  ]
}
