{
  "alias": "video/3387/modules-and-packages-live-and-let-die",
  "category": "PyCon US 2015",
  "copyright_text": "creativeCommon",
  "description": "All Python programmers use the import statement, but do you really know\nhow it works and what it allows? This tutorial aims to take a deep dive\ninto every diabolical issue related to modules, packages, and imports.\nWhen we're done, you'll finally be ready to unleash your million line\nmicro framework on the world!\n",
  "duration": null,
  "id": 3387,
  "language": "eng",
  "quality_notes": "",
  "recorded": "2015-04-10",
  "related_urls": [
    {
      "label": "Tutorial page",
      "url": "http://www.dabeaz.com/modulepackage/index.html"
    }
  ],
  "slug": "modules-and-packages-live-and-let-die",
  "speakers": [
    "David Beazley"
  ],
  "tags": [],
  "thumbnail_url": "https://i.ytimg.com/vi/0oTh1CXRaQ0/hqdefault.jpg",
  "title": "Modules and Packages: Live and Let Die!",
  "videos": [
    {
      "length": 0,
      "type": "youtube",
      "url": "https://www.youtube.com/watch?v=0oTh1CXRaQ0"
    }
  ]
}
