{
  "alias": "video/2447/monoids-in-python",
  "category": "ChiPy",
  "copyright_text": "CC BY",
  "description": "",
  "duration": 20,
  "id": 2447,
  "language": "eng",
  "quality_notes": "",
  "recorded": "2013-11-14",
  "slug": "monoids-in-python",
  "speakers": [
    "Philip Doctor"
  ],
  "summary": "Monoids are largely badly explained, but actually quite beautiful. I\nwould like to take a brief tour of what a monoid is and how they can\nhelp out with mundane every day tasks in python.\n",
  "tags": [],
  "thumbnail_url": "https://archive.org/services/img/pyvideo_2447___Monoids_in_Python",
  "title": "Monoids in Python",
  "videos": [
    {
      "type": "archive.org",
      "url": "https://archive.org/details/pyvideo_2447___Monoids_in_Python"
    },
    {
      "length": 0,
      "type": "youtube",
      "url": "https://www.youtube.com/watch?v=50qhv8C3s9I"
    }
  ]
}
