{
  "alias": "video/3390/my-pythons-a-little-rust-y",
  "category": "PyCon US 2015",
  "copyright_text": "creativeCommon",
  "description": "Rust is a new systems programming language from Mozilla that combines\nstrong compile-time correctness guarantees with fast performance... and\nit plays nice with ctypes! Come learn how you can call Rust functions\nfrom Python code and finally say goodbye to hacking C!\n",
  "duration": null,
  "id": 3390,
  "language": "eng",
  "quality_notes": "",
  "recorded": "2015-04-11",
  "slug": "my-pythons-a-little-rust-y",
  "speakers": [
    "Dan Callahan"
  ],
  "summary": "",
  "tags": [],
  "thumbnail_url": "https://i.ytimg.com/vi/3CwJ0MH-4MA/hqdefault.jpg",
  "title": "My Python's a little Rust-y",
  "videos": [
    {
      "length": 0,
      "type": "youtube",
      "url": "https://www.youtube.com/watch?v=3CwJ0MH-4MA"
    }
  ]
}
