{
  "alias": "video/3515/oh-come-on-who-needs-bytearrays",
  "category": "PyCon US 2015",
  "copyright_text": "creativeCommon",
  "description": "",
  "duration": null,
  "id": 3515,
  "language": "eng",
  "quality_notes": "",
  "recorded": "2015-04-12",
  "slug": "oh-come-on-who-needs-bytearrays",
  "speakers": [
    "Brandon Rhodes"
  ],
  "summary": "",
  "tags": [],
  "thumbnail_url": "https://i.ytimg.com/vi/z9Hmys8ojno/hqdefault.jpg",
  "title": "Oh, Come On Who Needs Bytearrays",
  "videos": [
    {
      "length": 0,
      "type": "youtube",
      "url": "https://www.youtube.com/watch?v=z9Hmys8ojno"
    }
  ]
}
