{
  "alias": "video/3436/opening-statements-julia-evans",
  "category": "PyCon US 2015",
  "copyright_text": "creativeCommon",
  "description": "",
  "duration": null,
  "id": 3436,
  "language": "eng",
  "quality_notes": "",
  "recorded": "2015-04-10",
  "slug": "opening-statements-julia-evans",
  "speakers": [
    "Julia Evans"
  ],
  "summary": "",
  "tags": [],
  "thumbnail_url": "https://i.ytimg.com/vi/N_H6JpkgM8s/hqdefault.jpg",
  "title": "Opening Statements - Julia Evans",
  "videos": [
    {
      "length": 0,
      "type": "youtube",
      "url": "https://www.youtube.com/watch?v=N_H6JpkgM8s"
    }
  ]
}
