{
  "alias": "video/975/open-government-data-movement",
  "category": "ChiPy",
  "copyright_text": "",
  "description": "",
  "duration": null,
  "id": 975,
  "language": "eng",
  "quality_notes": "",
  "recorded": "2012-06-14",
  "slug": "open-government-data-movement",
  "speakers": [],
  "summary": "The history and goals of the open government data movement nationally\nand in Chicago, previous commercial uses of open data, such as weather\ndata, and a couple of contemporary examples of how cities and\nindependent groups are using open data.\n",
  "tags": [],
  "thumbnail_url": "",
  "title": "Open Government Data Movement ",
  "videos": [
    {
      "length": 0,
      "type": "youtube",
      "url": "https://www.youtube.com/watch?v=wNRb2P9bjTc"
    }
  ]
}
