{
  "alias": "video/3405/open-source-for-newcomers-and-the-people-who-want",
  "category": "PyCon US 2015",
  "copyright_text": "creativeCommon",
  "description": "Open source can be fun and rewarding, but it can also be intimidating.\nThis talk addresses some of the biggest technical and psychological\nbarriers to contributing, from the perspective of both the newcomers who\nwant to overcome them and the maintainers who want to remove them.\n",
  "duration": null,
  "id": 3405,
  "language": "eng",
  "quality_notes": "",
  "recorded": "2015-04-11",
  "slug": "open-source-for-newcomers-and-the-people-who-want",
  "speakers": [
    "Shauna Gordon-McKeon"
  ],
  "summary": "",
  "tags": [],
  "thumbnail_url": "https://i.ytimg.com/vi/8P1oxmkvLB4/hqdefault.jpg",
  "title": "Open Source for Newcomers and the People Who Want to Welcome Them",
  "videos": [
    {
      "length": 0,
      "type": "youtube",
      "url": "https://www.youtube.com/watch?v=8P1oxmkvLB4"
    }
  ]
}
