{
  "alias": "video/1650/open-science",
  "category": "ChiPy",
  "copyright_text": "",
  "description": "",
  "duration": null,
  "id": 1650,
  "language": "eng",
  "quality_notes": "",
  "recorded": "2013-02-15",
  "slug": "open-science",
  "speakers": [
    "Sheila Miguez"
  ],
  "summary": "pdftribute and open science\n",
  "tags": [],
  "thumbnail_url": "https://i2.ytimg.com/vi/u2ujTHH40nw/hqdefault.jpg",
  "title": "Open Science",
  "videos": [
    {
      "type": "mp4",
      "url": "http://s3.us.archive.org/nextdayvideo/chipy/chipy_feb_2013/open_science.mp4?Signature=XZKp9vCwDdo%2FwlPBpf8rEiui%2F1k%3D&Expires=1361267235&AWSAccessKeyId=FEWGReWX3QbNk0h3"
    },
    {
      "length": 0,
      "type": "youtube",
      "url": "https://www.youtube.com/watch?v=u2ujTHH40nw"
    }
  ]
}
