{
  "alias": "video/3395/pandas-from-the-ground-up",
  "category": "PyCon US 2015",
  "copyright_text": "creativeCommon",
  "description": "The typical Pandas user learns one dataframe method at a time, slowly\nscraping features together through trial and error until they can solve\nthe task in front of them. In this tutorial you will re-learn how to\nthink about dataframes from the ground up, and discover how to select\nintelligently from their abilities to solve your data processing\nproblems through direct and deliberately-chosen steps.\n",
  "duration": null,
  "id": 3395,
  "language": "eng",
  "quality_notes": "",
  "recorded": "2015-04-12",
  "slug": "pandas-from-the-ground-up",
  "speakers": [
    "Brandon Rhodes"
  ],
  "summary": "",
  "tags": [],
  "thumbnail_url": "https://i.ytimg.com/vi/5JnMutdy6Fw/hqdefault.jpg",
  "title": "Pandas From The Ground Up",
  "videos": [
    {
      "length": 0,
      "type": "youtube",
      "url": "https://www.youtube.com/watch?v=5JnMutdy6Fw"
    }
  ]
}
