{
  "alias": "video/3451/performance-by-the-numbers-analyzing-the-perform",
  "category": "PyCon US 2015",
  "copyright_text": "creativeCommon",
  "description": "Everyone knows poor performance when they see it, and performance\nconcerns affect every application -- web applications more than most.\nBut finding performance problems can be extraordinarily difficult, and\nrequires an analytical approach coupled with good instrumentation. This\ntalk explores approaches to instrumentation and what that\ninstrumentation can tell you.\n",
  "duration": null,
  "id": 3451,
  "language": "eng",
  "quality_notes": "",
  "recorded": "2015-04-12",
  "slug": "performance-by-the-numbers-analyzing-the-perform",
  "speakers": [
    "Geoff Gerrietts"
  ],
  "summary": "",
  "tags": [],
  "thumbnail_url": "https://i.ytimg.com/vi/UAztOuO1ANQ/hqdefault.jpg",
  "title": "Performance by the Numbers: analyzing the performance of web applications",
  "videos": [
    {
      "length": 0,
      "type": "youtube",
      "url": "https://www.youtube.com/watch?v=UAztOuO1ANQ"
    }
  ]
}
