{
  "alias": "video/2704/pingo-means-pin-go",
  "category": "ChiPy",
  "copyright_text": "CC BY-SA",
  "description": "",
  "duration": 3600,
  "id": 2704,
  "language": "eng",
  "quality_notes": "",
  "recorded": "2014-07-09",
  "slug": "pingo-means-pin-go",
  "speakers": [
    "Luciano Ramalho"
  ],
  "summary": "",
  "tags": [],
  "thumbnail_url": "https://i.ytimg.com/vi/PNkml72Wuck/hqdefault.jpg",
  "title": "Pingo means \"pin, go!\"",
  "videos": [
    {
      "length": 0,
      "type": "youtube",
      "url": "http://youtu.be/PNkml72Wuck"
    }
  ]
}
