{
  "alias": "video/563/playdoh",
  "category": "ChiPy",
  "copyright_text": "Creative Commons Attribution-NonCommercial-ShareAlike 3.0",
  "description": "",
  "duration": null,
  "id": 563,
  "language": "eng",
  "quality_notes": "",
  "recorded": "2011-07-14",
  "slug": "playdoh",
  "speakers": [
    "Kumar McMillan"
  ],
  "summary": "Playdoh is Mozilla's starter kit for new Django projects. It aims to be\nsecure-by-default and set up all the same goodies we use to scale for\nhigh traffic, perform background tasks, localize our sites in many\nlanguages, and other cool things.\n",
  "tags": [
    "chipy",
    "playdoh"
  ],
  "thumbnail_url": "https://archive.org/services/img/pyvideo_563___playdoh",
  "title": "Playdoh",
  "videos": [
    {
      "type": "archive.org",
      "url": "https://archive.org/details/pyvideo_563___playdoh"
    }
  ]
}
