{
  "alias": "video/3402/postgresql-proficiency-for-python-people-0",
  "category": "PyCon US 2015",
  "copyright_text": "creativeCommon",
  "description": "PostgreSQL has become the default database for most green-field\ndevelopment projects, and is the data storage architecture behind many\nmajor Python-based success stories, such as Instagram. Despite a\nreputation as being complex and fiddly, Postgres is easy to install,\nadminister, maintain, and use... with just a little bit of orientation.\nThis is that orientation.\n",
  "duration": null,
  "id": 3402,
  "language": "eng",
  "quality_notes": "",
  "recorded": "2015-04-12",
  "slug": "postgresql-proficiency-for-python-people-0",
  "speakers": [
    "Christophe Pettus"
  ],
  "summary": "",
  "tags": [],
  "thumbnail_url": "https://i.ytimg.com/vi/78A2gJBgL9g/hqdefault.jpg",
  "title": "PostgreSQL Proficiency for Python People",
  "videos": [
    {
      "length": 0,
      "type": "youtube",
      "url": "https://www.youtube.com/watch?v=78A2gJBgL9g"
    }
  ]
}
