{
  "alias": "video/2355/post-djangocon-an-overview-of-edx",
  "category": "ChiPy",
  "copyright_text": "CC BY",
  "description": "",
  "duration": 47,
  "id": 2355,
  "language": "eng",
  "quality_notes": "",
  "recorded": "2013-09-12",
  "slug": "post-djangocon-an-overview-of-edx",
  "speakers": [
    "yarko"
  ],
  "summary": "edX is a major django application serving huge numbers of students for\nMIT, Harvard, Stanford, Berkely, and more.\n\n* A brief history of Computer-Based Instruction (python has a role);\n\n* incomplete survey of current open-source CBI;\n\n* edX: how's it different / what's it's rough structure, what (besides django/python) is involved;\n\n* edX: hacking the platform (django development);\n\n* edX: hacking courses; a deployment-level VM, and how to get started there;\n\n* finally:\n\n  * future topics: deployment; what this can't do (maybe) and why;\n\n* wrapup:\n\n  * call for interest & edx project night(s);\n\nI'll try to have some USBs for anyone who want to try one of the edX VMs\nduring the talk\n",
  "tags": [],
  "thumbnail_url": "https://i1.ytimg.com/vi/f1FoYwe_DT4/hqdefault.jpg",
  "title": "Post djangocon: An overview of edX",
  "videos": [
    {
      "type": "mp4",
      "url": "http://s3.us.archive.org/ndvchipy/Post_djangocon_An_overview_of_.mp4"
    },
    {
      "length": 0,
      "type": "youtube",
      "url": "https://www.youtube.com/watch?v=f1FoYwe_DT4"
    }
  ]
}
