{
  "alias": "video/3468/practical-graphnetwork-analysis-made-simple",
  "category": "PyCon US 2015",
  "copyright_text": "creativeCommon",
  "description": "Have you ever wondered about how those data scientists at Facebook and\nLinkedIn make friend recommendations? Or how epidemiologists track down\npatient zero in an outbreak? If so, then this tutorial is for you. Here,\nwe will explore a bike sharing data set as a way to understand the kinds\nof problems that can be solved using graph analytics.\n",
  "duration": null,
  "id": 3468,
  "language": "eng",
  "quality_notes": "",
  "recorded": "2015-04-09",
  "slug": "practical-graphnetwork-analysis-made-simple",
  "speakers": [
    "Eric Ma"
  ],
  "summary": "",
  "tags": [],
  "thumbnail_url": "https://i.ytimg.com/vi/_k4MOh7J7YY/hqdefault.jpg",
  "title": "Practical Graph/Network Analysis Made Simple",
  "videos": [
    {
      "length": 0,
      "type": "youtube",
      "url": "https://www.youtube.com/watch?v=_k4MOh7J7YY"
    }
  ]
}
