{
  "alias": "video/574/programming-with-twisted",
  "category": "ChiPy",
  "copyright_text": "Creative Commons Attribution-NonCommercial-ShareAlike 3.0",
  "description": "",
  "duration": null,
  "id": 574,
  "language": "eng",
  "quality_notes": "<p>Audio: II didn't have a proper mic, so audience questions are what they are.</p>",
  "recorded": "2010-07-08",
  "slug": "programming-with-twisted",
  "speakers": [
    "Dan Griffen"
  ],
  "summary": "-  What twisted is and its purpose in life (ie the reactor pattern).\n-  Non-blocking network programming.\n-  The confusing topic of deferreds and callbacks everywhere.\n-  Methods for dealing with blocking APIs.\n\n",
  "tags": [
    "chipy",
    "twisted"
  ],
  "thumbnail_url": "https://archive.org/services/img/pyvideo_574___programming-with-twisted",
  "title": "Programming with Twisted",
  "videos": [
    {
      "type": "archive.org",
      "url": "https://archive.org/details/pyvideo_574___programming-with-twisted"
    }
  ]
}
