{
  "alias": "video/573/pypy-and-unladen-swallow--making-your-python-fast",
  "category": "ChiPy",
  "copyright_text": "Creative Commons Attribution-NonCommercial-ShareAlike 3.0",
  "description": "",
  "duration": null,
  "id": 573,
  "language": "eng",
  "quality_notes": "",
  "recorded": "2010-07-08",
  "slug": "pypy-and-unladen-swallow--making-your-python-fast",
  "speakers": [
    "Alex Gaynor"
  ],
  "summary": "Python has a reputation for being a bit slow, but it doesn't have to be\nthat way. This talk will cover why Python is slow, and what two of the\nmost exciting virtual machines are doing about it.\n",
  "tags": [
    "chipy",
    "optimization",
    "performance",
    "pypy",
    "unladenswallow"
  ],
  "thumbnail_url": "https://archive.org/services/img/pyvideo_573___pypy-and-unladen-swallow-making-your-python-fast",
  "title": "PyPy and Unladen Swallow: Making your Python Fast",
  "videos": [
    {
      "type": "archive.org",
      "url": "https://archive.org/details/pyvideo_573___pypy-and-unladen-swallow-making-your-python-fast"
    }
  ]
}
