{
  "alias": "video/3441/pypyjs-what-how-why-0",
  "category": "PyCon US 2015",
  "copyright_text": "creativeCommon",
  "description": "PyPy.js is an experiment in building a fast and compliant in-browser\npython interpreter, by compiling PyPy into javascript and retargeting\nits JIT to emit javascript code at runtime. This talk will demonstrate\nthe combination of technologies that make such a thing possible, the\nresults achieved so far, and the challenges that still remain when\ntaking python onto javascript's home turf.\n",
  "duration": null,
  "id": 3441,
  "language": "eng",
  "quality_notes": "",
  "recorded": "2015-04-11",
  "slug": "pypyjs-what-how-why-0",
  "speakers": [
    "Ryan Kelly"
  ],
  "summary": "",
  "tags": [],
  "thumbnail_url": "https://i.ytimg.com/vi/PiBfOFqDIAI/hqdefault.jpg",
  "title": "PyPy.js: What? How? Why?",
  "videos": [
    {
      "length": 0,
      "type": "youtube",
      "url": "https://www.youtube.com/watch?v=PiBfOFqDIAI"
    }
  ]
}
