{
  "alias": "video/3383/pythons-are-deaf-so-are-some-pythonistas",
  "category": "PyCon US 2015",
  "copyright_text": "creativeCommon",
  "description": "ASL, like Python, is a language which is both fun and powerful. We have\nused Python to build a tool, ASL-CLeaR (American Sign Language Concept\nLearning Resource) for the DHH community which will teach STEM\nterminology using ASL exclusively. We are also building a summer program\nto teach Python in English/ASL to DHH students.\n",
  "duration": null,
  "id": 3383,
  "language": "eng",
  "quality_notes": "",
  "recorded": "2015-04-12",
  "slug": "pythons-are-deaf-so-are-some-pythonistas",
  "speakers": [
    "en zyme",
    "Jon Henner"
  ],
  "summary": "",
  "tags": [],
  "thumbnail_url": "https://i.ytimg.com/vi/-LVlzIOxbAE/hqdefault.jpg",
  "title": "Pythons are Deaf, So are Some Pythonistas",
  "videos": [
    {
      "length": 0,
      "type": "youtube",
      "url": "https://www.youtube.com/watch?v=-LVlzIOxbAE"
    }
  ]
}
