{
  "alias": "video/3432/python-concurrency-from-the-ground-up-live",
  "category": "PyCon US 2015",
  "copyright_text": "creativeCommon",
  "description": "There are currently three popular approaches to Python concurrency:\nthreads, event loops, and coroutines. Each is shrouded by various\ndegrees of mystery and peril. In this talk, all three approaches will be\ndeconstructed and explained in a epic ground-up live coding battle.\n",
  "duration": null,
  "id": 3432,
  "language": "eng",
  "quality_notes": "",
  "recorded": "2015-04-11",
  "slug": "python-concurrency-from-the-ground-up-live",
  "speakers": [
    "David Beazley"
  ],
  "summary": "",
  "tags": [],
  "thumbnail_url": "https://i.ytimg.com/vi/MCs5OvhV9S4/hqdefault.jpg",
  "title": "Python Concurrency From the Ground Up: LIVE!",
  "videos": [
    {
      "length": 0,
      "type": "youtube",
      "url": "https://www.youtube.com/watch?v=MCs5OvhV9S4"
    }
  ]
}
