{
  "alias": "video/3446/python-by-immersion",
  "category": "PyCon US 2015",
  "copyright_text": "creativeCommon",
  "description": "A very fast introduction to Python for software developers with\nexperience in other languages. Instead of a traditional top-down\npresentation of Python's features, syntax, and semantics, students are\nimmersed in the language bottom-up with hundreds of small examples using\nthe interactive interpreter to quickly gain familiarity with most of the\ncore language features.\n",
  "duration": null,
  "id": 3446,
  "language": "eng",
  "quality_notes": "",
  "recorded": "2015-04-11",
  "slug": "python-by-immersion",
  "speakers": [
    "Stuart Williams"
  ],
  "summary": "",
  "tags": [],
  "thumbnail_url": "https://i.ytimg.com/vi/RVNIdoepdzU/hqdefault.jpg",
  "title": "Python by Immersion",
  "videos": [
    {
      "length": 0,
      "type": "youtube",
      "url": "https://www.youtube.com/watch?v=RVNIdoepdzU"
    }
  ]
}
