{
  "alias": "video/1417/python-330-release",
  "category": "ChiPy",
  "copyright_text": "",
  "description": "",
  "duration": null,
  "id": 1417,
  "language": "eng",
  "quality_notes": "",
  "recorded": "2012-10-11",
  "slug": "python-330-release",
  "speakers": [
    "Brian Curtin"
  ],
  "summary": "Brian will cover the September 29th release of Python 3 (3.3.0)\nincluding some highly technical details and importing information for\nthe casual users. He will go over some of the particular Window's stuff\nwhile leaving the talk's focus on an assortment of cool stuff.\n",
  "tags": [],
  "thumbnail_url": "https://i3.ytimg.com/vi/fbQvWcrOwUw/hqdefault.jpg",
  "title": "Python 3.3.0 Release",
  "videos": [
    {
      "type": "mp4",
      "url": "http://s3.us.archive.org/nextdayvideo/chipy/chipy_oct_2012/Python_330_Release.mp4?Signature=aP9PMA7NbjPBqs64Z1zKiUUEfjo%3D&Expires=1350073895&AWSAccessKeyId=FEWGReWX3QbNk0h3"
    },
    {
      "length": 0,
      "type": "youtube",
      "url": "https://www.youtube.com/watch?v=fbQvWcrOwUw"
    }
  ]
}
