{
  "alias": "video/567/python-django-deployment",
  "category": "ChiPy",
  "copyright_text": "Creative Commons Attribution-NonCommercial-ShareAlike 3.0",
  "description": "",
  "duration": null,
  "id": 567,
  "language": "eng",
  "quality_notes": "",
  "recorded": "2011-02-10",
  "slug": "python-django-deployment",
  "speakers": [
    "Rohit Sankaran"
  ],
  "summary": "I'll introduce the WSGI ecosystem. We'll then setup a Django app and\ndeploy it to a VM. I'll cover server setup/config and best practices and\ncover software used like Fabric, nginx etc. Sample nginx, WSGI and\nApache configs will be provided. People can follow along and I'll\nprovide download links after so they can try it at home. This will be\nthe best meeting ever.\n",
  "tags": [
    "apache",
    "chipy",
    "fabric",
    "nginx",
    "wsgi"
  ],
  "thumbnail_url": "http://a.images.blip.tv/CarlFK-PythonDjangoDeployment775.png",
  "title": "Python/Django deployment",
  "videos": [
    {
      "type": "ogv",
      "url": "http://blip.tv/file/get/CarlFK-PythonDjangoDeployment270.ogv"
    }
  ]
}
