{
  "alias": "video/586/python-for-scientific-and-high-performance-compu2",
  "category": "ChiPy",
  "copyright_text": "Creative Commons Attribution-NonCommercial-ShareAlike 3.0",
  "description": "Python, a high-level portable multi-paradigm interpreted programming\nlanguage is becoming increasingly popular with the scientific and HPC\ncommunities due to ease of use, large collection of modules,\nadaptability, and strong support from vendors and community alike. This\ntutorial provides an introduction to Python focused on HPC and\nscientific computing. Throughout, we provide concrete examples, hands-on\nexamples, and links to additional sources of information. The result\nwill be a clear sense of possibilities and best practices using Python\nin HPC environments. We will cover several key concepts: language\nbasics, NumPy and SciPy, parallel programming, performance issues,\nintegrating C and Fortran, basic visualization, large production codes,\nand finding resources. While it is impossible to address all libraries\nand application domains, at the end participants should be able to write\na simple application making use of parallel programming techniques,\nvisualize the output, and know how to confidently proceed with future\nprojects with Python.\n",
  "duration": null,
  "id": 586,
  "language": "eng",
  "quality_notes": "",
  "recorded": "2009-11-12",
  "slug": "python-for-scientific-and-high-performance-compu2",
  "speakers": [],
  "summary": "This tutorial provides an introduction to Python focused on HPC and\nscientific computing. Throughout, we provide concrete examples, hands-on\nexamples, and links to additional sources of information. The result\nwill be a clear sense of possibilities and best practices using Python\nin HPC environments.\n",
  "tags": [
    "chipy",
    "numpy",
    "scipy"
  ],
  "thumbnail_url": "https://archive.org/services/img/pyvideo_586___python-for-scientific-and-high-performance-computing-1-of-4",
  "title": "Python for Scientific and High Performance Computing (1 of 4)",
  "videos": [
    {
      "type": "archive.org",
      "url": "https://archive.org/details/pyvideo_586___python-for-scientific-and-high-performance-computing-1-of-4"
    }
  ]
}
