{
  "alias": "video/3375/python-for-humans-3",
  "category": "ChiPy",
  "copyright_text": "CC BY",
  "description": "Python\u2019s ecosystem is held up to a high standard, but it falls short in\na few key areas. A handful of crucial APIs are an absolute pain to work\nwith. We\u2019ll go over where these APIs went wrong and learn about strong\nand elegant API design. The high barriers to entry in Python will be\ndiscussed. Potential solutions will be proposed.\n",
  "duration": 2700,
  "id": 3375,
  "language": "eng",
  "quality_notes": "",
  "recorded": "2014-12-11",
  "slug": "python-for-humans-3",
  "speakers": [
    "Kenneth Reitz"
  ],
  "summary": "",
  "tags": [],
  "thumbnail_url": "https://archive.org/services/img/pyvideo_3375___Python_For_Humans",
  "title": "Python For Humans",
  "videos": [
    {
      "type": "archive.org",
      "url": "https://archive.org/details/pyvideo_3375___Python_For_Humans"
    },
    {
      "length": 0,
      "type": "youtube",
      "url": "https://www.youtube.com/watch?v=bpZS9ehw98k"
    }
  ]
}
