{
  "alias": "video/3453/python-epiphanies-2",
  "category": "PyCon US 2015",
  "copyright_text": "creativeCommon",
  "description": "This tutorial is for developers who've been using Python for a while and\nwould consider themselves at an intermediate level, but are looking for\na deeper understanding of the language. It focuses on how Python differs\nfrom other languages in subtle but important ways that are often\nconfusing, and it demystifies a number of language features that are\nsometimes misunderstood.\n",
  "duration": null,
  "id": 3453,
  "language": "eng",
  "quality_notes": "",
  "recorded": "2015-04-10",
  "slug": "python-epiphanies-2",
  "speakers": [
    "Stuart Williams"
  ],
  "summary": "",
  "tags": [],
  "thumbnail_url": "https://i.ytimg.com/vi/Ug0iDjbMPVg/hqdefault.jpg",
  "title": "Python Epiphanies",
  "videos": [
    {
      "length": 0,
      "type": "youtube",
      "url": "https://www.youtube.com/watch?v=Ug0iDjbMPVg"
    }
  ]
}
