{
  "alias": "video/974/python-powered-search",
  "category": "ChiPy",
  "copyright_text": "",
  "description": "Explore the indexing / stemming / scoring libraries used to built a\nhighly concise search engine along with redis and tornado.\n",
  "duration": null,
  "id": 974,
  "language": "eng",
  "quality_notes": "",
  "recorded": "2012-06-14",
  "slug": "python-powered-search",
  "speakers": [],
  "summary": "",
  "tags": [],
  "thumbnail_url": "",
  "title": "Python powered search",
  "videos": [
    {
      "length": 0,
      "type": "youtube",
      "url": "https://www.youtube.com/watch?v=AxM9Qe6shoU"
    }
  ]
}
