{
  "alias": "video/3394/python-performance-profiling-the-guts-and-the-gl-0",
  "category": "PyCon US 2015",
  "copyright_text": "creativeCommon",
  "description": "Your Python program is too slow, and you need to optimize it. Where do\nyou start? With the right tools, you can optimize your code where it\ncounts. We\u2019ll explore the guts of the Python profiler \u201cYappi\u201d to\nunderstand its features and limitations. We\u2019ll learn how to find the\nmaximum performance wins with minimum effort.\n",
  "duration": null,
  "id": 3394,
  "language": "eng",
  "quality_notes": "Partial tutorial, due to a technical error only the beginning of the speak was recorded, sorry for the inconvenience.",
  "recorded": "2015-04-12",
  "slug": "python-performance-profiling-the-guts-and-the-gl-0",
  "speakers": [
    "A. Jesse Jiryu Davis"
  ],
  "summary": "",
  "tags": [],
  "thumbnail_url": "https://i.ytimg.com/vi/4uJWWXYHxaM/hqdefault.jpg",
  "title": "Python Performance Profiling: The Guts And The Glory",
  "videos": [
    {
      "length": 0,
      "type": "youtube",
      "url": "https://www.youtube.com/watch?v=4uJWWXYHxaM"
    }
  ]
}
