{
  "alias": "video/3376/rest-on-django",
  "category": "ChiPy",
  "copyright_text": "CC BY",
  "description": "A quick overview through the components that make up Django REST\nFramework with a dive into a sample project.\n",
  "duration": 1113,
  "id": 3376,
  "language": "eng",
  "quality_notes": "",
  "recorded": "2015-02-12",
  "slug": "rest-on-django",
  "speakers": [
    "Adam Bain"
  ],
  "summary": "",
  "tags": [],
  "thumbnail_url": "https://i.ytimg.com/vi/UVC62eGQTOQ/hqdefault.jpg",
  "title": "REST on Django",
  "videos": [
    {
      "type": "webm",
      "url": "http://s3.us.archive.org/nextdayvideo/REST_on_Django.webm?Signature=QaG%2FxoFtSAlss0RUhvOfeWXPmA0%3D&Expires=1424051762&AWSAccessKeyId=FEWGReWX3QbNk0h3"
    },
    {
      "length": 0,
      "type": "youtube",
      "url": "http://youtu.be/UVC62eGQTOQ"
    }
  ]
}
