{
  "alias": "video/3454/rethinking-packaging-development-and-deployment-1",
  "category": "PyCon US 2015",
  "copyright_text": "creativeCommon",
  "description": "Applying functional programming ideas to solve the problem of packaging\nsoftware and configuration of systems in a stateless and deterministic\nway. Nix project addresses those problems in unique way based on\nacademic research that has been applied to real world software\ncollections in last 10 years.\n",
  "duration": null,
  "id": 3454,
  "language": "eng",
  "quality_notes": "",
  "recorded": "2015-04-12",
  "slug": "rethinking-packaging-development-and-deployment-1",
  "speakers": [
    "Domen Ko\u017ear"
  ],
  "summary": "",
  "tags": [],
  "thumbnail_url": "https://i.ytimg.com/vi/W8A2bOKPtJU/hqdefault.jpg",
  "title": "Rethinking packaging, development and deployment",
  "videos": [
    {
      "length": 0,
      "type": "youtube",
      "url": "https://www.youtube.com/watch?v=W8A2bOKPtJU"
    }
  ]
}
