{
  "alias": "video/568/reverse-engineering-ian-bicking--39-s-brain--insi",
  "category": "ChiPy",
  "copyright_text": "Creative Commons Attribution-NonCommercial-ShareAlike 3.0",
  "description": "-  1 http://us.pycon.org/2011/schedule/sessions/198/\n-  2 http://pip.openplans.org/\n-  3 http://virtualenv.openplans.org/\n\n",
  "duration": null,
  "id": 568,
  "language": "eng",
  "quality_notes": "",
  "recorded": "2011-02-10",
  "related_urls": [
    "http://pip.openplans.org/",
    "http://us.pycon.org/2011/schedule/sessions/198/",
    "http://virtualenv.openplans.org/"
  ],
  "slug": "reverse-engineering-ian-bicking--39-s-brain--insi",
  "speakers": [
    "Carl Meyer"
  ],
  "summary": "Pip and virtualenv: many use them; not so many understand just how they\nwork their magic. If you're a pip/virtualenv user but haven't yet dared\ncrack the lid (or you have, and found it a bit difficult to follow),\ncome along for a fast-paced guided tour. Knowing these tools will help\nyou make more effective use of them, and might also turn you into a\ncontributor.\n",
  "tags": [
    "chipy",
    "ianbicking",
    "pip",
    "virtualenv"
  ],
  "thumbnail_url": "https://archive.org/services/img/pyvideo_568___reverse-engineering-ian-bicking-s-brain-inside-pip-and-virtualenv",
  "title": "Reverse-engineering Ian Bicking's brain: inside pip and virtualenv.",
  "videos": [
    {
      "type": "archive.org",
      "url": "https://archive.org/details/pyvideo_568___reverse-engineering-ian-bicking-s-brain-inside-pip-and-virtualenv"
    }
  ]
}
