{
  "alias": "video/3456/robots-robots-ra-ra-ra",
  "category": "PyCon US 2015",
  "copyright_text": "creativeCommon",
  "description": "Lots of people want to learn more about robotics but are unsure where to\nstart. Turns out there is a python robotics framework, and it runs some\nof the most sophisticated robots in the world! It is also open source,\nwell-documented, and has a great community. In this talk we will look at\nRobot Operating System ROS.\n",
  "duration": null,
  "id": 3456,
  "language": "eng",
  "quality_notes": "",
  "recorded": "2015-04-11",
  "slug": "robots-robots-ra-ra-ra",
  "speakers": [
    "Katherine Scott"
  ],
  "summary": "",
  "tags": [],
  "thumbnail_url": "https://i.ytimg.com/vi/Wf0Uhebn2cM/hqdefault.jpg",
  "title": "Robots Robots Ra Ra Ra!!!",
  "videos": [
    {
      "length": 0,
      "type": "youtube",
      "url": "https://www.youtube.com/watch?v=Wf0Uhebn2cM"
    }
  ]
}
