{
  "alias": "video/571/ros---robot-operating-system",
  "category": "ChiPy",
  "copyright_text": "Creative Commons Attribution-NonCommercial-ShareAlike 3.0",
  "description": "",
  "duration": null,
  "id": 571,
  "language": "eng",
  "quality_notes": "",
  "recorded": "2011-01-13",
  "slug": "ros---robot-operating-system",
  "speakers": [
    "Bill Mania",
    "Brian Ray"
  ],
  "summary": "ROS is the Robot Operating System, originally from Stanford and now\nsupported by Willow Garage. ROS has a mature Python interface and is\nbeing used around the world by both amateur and professional\nroboticists. At the end of the presentation, if time allows and interest\nexists, some rudimentary ROS functionality will be demonstrated on a\nrobot in progress.\n",
  "tags": [
    "chipy",
    "robot",
    "ros"
  ],
  "thumbnail_url": "https://archive.org/services/img/pyvideo_571___ros-robot-operating-system",
  "title": "ROS - Robot Operating System",
  "videos": [
    {
      "type": "archive.org",
      "url": "https://archive.org/details/pyvideo_571___ros-robot-operating-system"
    }
  ]
}
