{
  "alias": "video/3431/satellite-mapping-for-everyone",
  "category": "PyCon US 2015",
  "copyright_text": "creativeCommon",
  "description": "Concerned about urban sprawl, landscape change or ecosystem recovery?\nWildfire, drought or flooding? A vast amount of satellite data,\ncollected since the 1970s, is freely available for your next mapping\nproject. I will demonstrate how Python helps to make sense of odd\nscientific data and metadata formats and produce beautiful visualization\nand map products.\n",
  "duration": null,
  "id": 3431,
  "language": "eng",
  "quality_notes": "",
  "recorded": "2015-04-11",
  "slug": "satellite-mapping-for-everyone",
  "speakers": [
    "Chris Waigl"
  ],
  "summary": "",
  "tags": [],
  "thumbnail_url": "https://i.ytimg.com/vi/MCHpt1FvblI/hqdefault.jpg",
  "title": "Satellite mapping for everyone ",
  "videos": [
    {
      "length": 0,
      "type": "youtube",
      "url": "https://www.youtube.com/watch?v=MCHpt1FvblI"
    }
  ]
}
