{
  "alias": "video/3440/schemas-for-the-real-world-0",
  "category": "PyCon US 2015",
  "copyright_text": "creativeCommon",
  "description": "Development challenges us to code for users\u2019 personal world. Users give\npush-back to ill-fitted assumptions about their own name, gender, sexual\norientation, important relationships, & other attributes that are\nindividually meaningful. We'll explore how to develop software that\nbrings real world into focus & that allows individuals to authentically\nreflect their personhood & physical world.\n",
  "duration": null,
  "id": 3440,
  "language": "eng",
  "quality_notes": "",
  "recorded": "2015-04-12",
  "slug": "schemas-for-the-real-world-0",
  "speakers": [
    "Carina C. Zona"
  ],
  "summary": "",
  "tags": [],
  "thumbnail_url": "https://i.ytimg.com/vi/PYYfVqtcWQY/hqdefault.jpg",
  "title": "Schemas for the Real World",
  "videos": [
    {
      "length": 0,
      "type": "youtube",
      "url": "https://www.youtube.com/watch?v=PYYfVqtcWQY"
    }
  ]
}
