{
  "alias": "video/1649/scraping-with-python",
  "category": "ChiPy",
  "copyright_text": "",
  "description": "",
  "duration": null,
  "id": 1649,
  "language": "eng",
  "quality_notes": "",
  "recorded": "2013-02-15",
  "slug": "scraping-with-python",
  "speakers": [
    "Feihong Hsu"
  ],
  "summary": "A high level overview of how we did scraping at EveryBlock.\n",
  "tags": [
    "scraping"
  ],
  "thumbnail_url": "https://i3.ytimg.com/vi/bWk0P7w2aZg/hqdefault.jpg",
  "title": "Scraping from the Web: An Overview That Does Not Contain Too Much Cussing",
  "videos": [
    {
      "type": "mp4",
      "url": "http://s3.us.archive.org/nextdayvideo/chipy/chipy_feb_2013/Scraping_with_Python.mp4?Signature=dWiCFwRZAyv0bG8wwkXx7vvJH2s%3D&Expires=1361272540&AWSAccessKeyId=FEWGReWX3QbNk0h3"
    },
    {
      "length": 0,
      "type": "youtube",
      "url": "https://www.youtube.com/watch?v=bWk0P7w2aZg"
    }
  ]
}
