{
  "alias": "video/3492/serialization-formats-are-not-toys",
  "category": "PyCon US 2015",
  "copyright_text": "creativeCommon",
  "description": "It\u2019s not in the OWASP Top 10, but you don\u2019t have to look far to hear\nstories of security vulnerabilities involving deserialization of user\ninput. In this talk I\u2019ll go over what the threat is and how you might be\nmaking yourself vulnerable. I\u2019ll cover the features (not bugs: features)\nof XML, YAML, and JSON that make them surprisingly dangerous, and how to\nprotect your code from them.\n",
  "duration": null,
  "id": 3492,
  "language": "eng",
  "quality_notes": "",
  "recorded": "2015-04-12",
  "slug": "serialization-formats-are-not-toys",
  "speakers": [
    "Tom Eastman"
  ],
  "summary": "",
  "tags": [],
  "thumbnail_url": "https://i.ytimg.com/vi/kjZHjvrAS74/hqdefault.jpg",
  "title": "Serialization formats are not toys",
  "videos": [
    {
      "length": 0,
      "type": "youtube",
      "url": "https://www.youtube.com/watch?v=kjZHjvrAS74"
    }
  ]
}
