{
  "alias": "video/2356/set-it-and-forget-it-auto-scale-on-rackspace",
  "category": "ChiPy",
  "copyright_text": "CC BY",
  "description": "",
  "duration": 40,
  "id": 2356,
  "language": "eng",
  "quality_notes": "",
  "recorded": "2013-09-12",
  "slug": "set-it-and-forget-it-auto-scale-on-rackspace",
  "speakers": [
    "Brian Curtin"
  ],
  "summary": "Rackspace is rolling out a new service to allow your cloud to scale on\nits own, called Auto Scale. Built on Monitoring, Auto Scale allows you\nto grow or shrink your fleet of resources as demand changes.\n\npyrax, a Python package for working with OpenStack-based clouds like\nRackspace's, just released Auto Scale and Monitoring support with\nversion 1.5.0.\n\nI'll show how you can use pyrax to deploy servers and automatically add\nor remove them based on their usage.\n",
  "tags": [],
  "thumbnail_url": "https://i1.ytimg.com/vi/-0P5EvYI0Rk/hqdefault.jpg",
  "title": "Set it, and forget it! Auto Scale on Rackspace",
  "videos": [
    {
      "type": "mp4",
      "url": "http://s3.us.archive.org/ndvchipy/Set_it_and_forget_it_Auto_Scal.mp4"
    },
    {
      "length": 0,
      "type": "youtube",
      "url": "https://www.youtube.com/watch?v=-0P5EvYI0Rk"
    }
  ]
}
