{
  "alias": "video/3469/ship-it-deployments-with-pip",
  "category": "PyCon US 2015",
  "copyright_text": "creativeCommon",
  "description": "Gone are the days where creating system packages or scp-ing tar balls\nwere required for deployment. With Pip, Fabric, and Jenkins we've\ndeveloped a pipeline to simplify deployments and rollbacks that\ndove-tails into configuration management and virtualization. New\nmachines can come fully deployed and ready to rock at a moments notice\nallowing you to scale out nodes quickly and painlessly.\n",
  "duration": null,
  "id": 3469,
  "language": "eng",
  "quality_notes": "",
  "recorded": "2015-04-12",
  "slug": "ship-it-deployments-with-pip",
  "speakers": [
    "Dan Tracy"
  ],
  "summary": "",
  "tags": [],
  "thumbnail_url": "https://i.ytimg.com/vi/aD2CfKQB5xM/hqdefault.jpg",
  "title": "Ship it: Deployments with Pip",
  "videos": [
    {
      "length": 0,
      "type": "youtube",
      "url": "https://www.youtube.com/watch?v=aD2CfKQB5xM"
    }
  ]
}
