{
  "alias": "video/3435/smart-services-smart-clients-how-micro-servic",
  "category": "PyCon US 2015",
  "copyright_text": "creativeCommon",
  "description": "At Runscope we've standardized the idea of small independent \"\"smart\"\"\nservices that can be quickly built, deployed, and scaled. This talk\nexamines lessons learned from writing these services as well as patterns\nfound in other platforms. We present a detailed look at the code that\nallow us to build dozens of services, serving billions of requests,\nwhile deploying to our cluster over 20 times a day.\n",
  "duration": null,
  "id": 3435,
  "language": "eng",
  "quality_notes": "",
  "recorded": "2015-04-12",
  "slug": "smart-services-smart-clients-how-micro-servic",
  "speakers": [
    "Frank Stratton"
  ],
  "summary": "",
  "tags": [],
  "thumbnail_url": "https://i.ytimg.com/vi/NYVUn8T-0qA/hqdefault.jpg",
  "title": "Smart services & smart clients:  How micro-services change the way you build and deploy code.",
  "videos": [
    {
      "length": 0,
      "type": "youtube",
      "url": "https://www.youtube.com/watch?v=NYVUn8T-0qA"
    }
  ]
}
