{
  "alias": "video/3439/so-you-think-you-can-pdb-0",
  "category": "PyCon US 2015",
  "copyright_text": "creativeCommon",
  "description": "This talk will be an introduction to the most commonly used Python\nDebugger commands and what they do. Learn how to navigate and inspect\ncode from the pdb prompt so you can better understand how it works. The\nPython Debugger is a valuable debugging tool for all levels of Python\nprogrammers. You should walk away being able to debug the next Python\ncode you encounter!\n",
  "duration": null,
  "id": 3439,
  "language": "eng",
  "quality_notes": "",
  "recorded": "2015-04-12",
  "slug": "so-you-think-you-can-pdb-0",
  "speakers": [
    "Clayton Parker"
  ],
  "summary": "",
  "tags": [],
  "thumbnail_url": "https://i.ytimg.com/vi/P0pIW5tJrRM/hqdefault.jpg",
  "title": "So you think you can PDB?",
  "videos": [
    {
      "length": 0,
      "type": "youtube",
      "url": "https://www.youtube.com/watch?v=P0pIW5tJrRM"
    }
  ]
}
