{
  "alias": "video/1616/sqlalchemy-as-she-is-code-an-opinionated-intro",
  "category": "ChiPy",
  "copyright_text": "",
  "description": "",
  "duration": null,
  "id": 1616,
  "language": "eng",
  "quality_notes": "",
  "recorded": "2012-12-13",
  "slug": "sqlalchemy-as-she-is-code-an-opinionated-intro",
  "speakers": [
    "Jordan Bettis"
  ],
  "summary": "The talk will be about using the SQL Alchemy query expression language\n\nand how it can be combined with the ORM for noble ends.\n",
  "tags": [],
  "thumbnail_url": "https://i4.ytimg.com/vi/oy57f4evyO4/hqdefault.jpg",
  "title": "SQLAlchemy: As She is Code, an opinionated Intro ",
  "videos": [
    {
      "type": "mp4",
      "url": "http://s3.us.archive.org/nextdayvideo/chipy/chipy_dec_2012/SQLAlchemy_As_She_is_Code_an_o.mp4?Signature=ei6JoaWQlv1V%2BbtbOD2%2Fuan4z98%3D&Expires=1355618784&AWSAccessKeyId=FEWGReWX3QbNk0h3"
    },
    {
      "length": 0,
      "type": "youtube",
      "url": "https://www.youtube.com/watch?v=oy57f4evyO4"
    }
  ]
}
