{
  "alias": "video/3396/statistical-inference-with-computational-methods",
  "category": "PyCon US 2015",
  "copyright_text": "creativeCommon",
  "description": "Statistical inference is a fundamental tool in science and engineering,\nbut it is often poorly understood. \u00a0This tutorial uses computational\nmethods, including Monte Carlo simulation and resampling, to explore\nestimation, hypothesis testing and statistical modeling. \u00a0Attendees will\ndevelop understanding of statistical concepts and learn to use real data\nto answer relevant questions.\n",
  "duration": null,
  "id": 3396,
  "language": "eng",
  "quality_notes": "",
  "recorded": "2015-04-10",
  "slug": "statistical-inference-with-computational-methods",
  "speakers": [
    "Allen Downey"
  ],
  "summary": "",
  "tags": [],
  "thumbnail_url": "https://i.ytimg.com/vi/5Vjrqnk7Igs/hqdefault.jpg",
  "title": "Statistical inference with computational methods",
  "videos": [
    {
      "length": 0,
      "type": "youtube",
      "url": "https://www.youtube.com/watch?v=5Vjrqnk7Igs"
    }
  ]
}
