{
  "alias": "video/2553/storm-with-python-and-a-side-of-clojure",
  "category": "ChiPy",
  "copyright_text": "CC BY",
  "description": "",
  "duration": 30,
  "id": 2553,
  "language": "eng",
  "quality_notes": "",
  "recorded": "2013-12-12",
  "slug": "storm-with-python-and-a-side-of-clojure",
  "speakers": [
    "Philip Doctor"
  ],
  "summary": "A walking tour of Storm, what it is, what you can do, and how you can\nuse it with python.\n",
  "tags": [],
  "thumbnail_url": "https://archive.org/services/img/pyvideo_2553___Storm_with_python_and_a_side_of_clojure",
  "title": "Storm (with python (and a side of clojure))",
  "videos": [
    {
      "type": "archive.org",
      "url": "https://archive.org/details/pyvideo_2553___Storm_with_python_and_a_side_of_clojure"
    },
    {
      "length": 0,
      "type": "youtube",
      "url": "https://www.youtube.com/watch?v=ja-iZG610o8"
    }
  ]
}
