{
  "alias": "video/3413/super-considered-super",
  "category": "PyCon US 2015",
  "copyright_text": "creativeCommon",
  "description": "Python's super() is well-designed and powerful, but it can be tricky to\nuse if you don't know all the moves.\n\nThis talk offers clear, practical advice with real-world use cases on\nhow to use super() effectively and not get tripped-up by common\nmistakes.\n",
  "duration": null,
  "id": 3413,
  "language": "eng",
  "quality_notes": "",
  "recorded": "2015-04-11",
  "slug": "super-considered-super",
  "speakers": [
    "Raymond Hettinger"
  ],
  "summary": "",
  "tags": [],
  "thumbnail_url": "https://i.ytimg.com/vi/EiOglTERPEo/hqdefault.jpg",
  "title": "Super considered super!",
  "videos": [
    {
      "length": 0,
      "type": "youtube",
      "url": "https://www.youtube.com/watch?v=EiOglTERPEo"
    }
  ]
}
