{
  "alias": "video/3399/systems-programming-as-a-swiss-army-knife",
  "category": "PyCon US 2015",
  "copyright_text": "creativeCommon",
  "description": "You might think of the Linux kernel as something that only kernel\ndevelopers need to know about. Not so! It turns out that understanding\nsome basics about kernels and systems programming makes you a better\ndeveloper, and you can use this knowledge when debugging your normal\neveryday Python programs.\n",
  "duration": null,
  "id": 3399,
  "language": "eng",
  "quality_notes": "",
  "recorded": "2015-04-11",
  "slug": "systems-programming-as-a-swiss-army-knife",
  "speakers": [
    "Julia Evans"
  ],
  "summary": "",
  "tags": [],
  "thumbnail_url": "https://i.ytimg.com/vi/5v6o-VsLAew/hqdefault.jpg",
  "title": "Systems programming as a swiss army knife",
  "videos": [
    {
      "length": 0,
      "type": "youtube",
      "url": "https://www.youtube.com/watch?v=5v6o-VsLAew"
    }
  ]
}
