{
  "alias": "video/3509/tdd-with-django-from-scratch-a-beginners-intro",
  "category": "PyCon US 2015",
  "copyright_text": "creativeCommon",
  "description": "A beginner's introduction to testing and web development with Django.\nWe'll build a simple web app, from scratch, but with full TDD, including\nfunctional testing with Selenium and unit testing Django's views,\ntemplates, and models. Some familiarity with Python is desirable, but no\nprior knowledge of Django or testing is assumed.\n",
  "duration": null,
  "id": 3509,
  "language": "eng",
  "quality_notes": "",
  "recorded": "2015-04-09",
  "slug": "tdd-with-django-from-scratch-a-beginners-intro",
  "speakers": [
    "Harry Percival"
  ],
  "summary": "",
  "tags": [],
  "thumbnail_url": "https://i.ytimg.com/vi/vQjmz9wCjLA/hqdefault.jpg",
  "title": "TDD with Django, from scratch: a beginner's intro to testing and web development",
  "videos": [
    {
      "length": 0,
      "type": "youtube",
      "url": "https://www.youtube.com/watch?v=vQjmz9wCjLA"
    }
  ]
}
