{
  "alias": "video/3485/techniques-for-debugging-hard-problems",
  "category": "PyCon US 2015",
  "copyright_text": "creativeCommon",
  "description": "Sometimes your programs have bugs. Often they're shallow things, simple\nAttributeErrors or TypeErrors. Sometimes they're large, complex, and\nnearly impossible to debug. This talk explores techniques for figuring\nthese out.\n",
  "duration": null,
  "id": 3485,
  "language": "eng",
  "quality_notes": "",
  "recorded": "2015-04-12",
  "slug": "techniques-for-debugging-hard-problems",
  "speakers": [
    "Alex Gaynor"
  ],
  "summary": "",
  "tags": [],
  "thumbnail_url": "https://i.ytimg.com/vi/ij99SGGEX34/hqdefault.jpg",
  "title": "Techniques for Debugging Hard Problems",
  "videos": [
    {
      "length": 0,
      "type": "youtube",
      "url": "https://www.youtube.com/watch?v=ij99SGGEX34"
    }
  ]
}
