{
  "alias": "video/3425/technical-debt",
  "category": "PyCon US 2015",
  "copyright_text": "creativeCommon",
  "description": "Technical debt is the code monster hiding in everyone's closet. If you\nignore it, it will terrorize you at night. To banish it and re-gain your\nproductivity, you'll need to face it head on.\n",
  "duration": null,
  "id": 3425,
  "language": "eng",
  "quality_notes": "",
  "recorded": "2015-04-11",
  "slug": "technical-debt",
  "speakers": [
    "Nina Zakharenko"
  ],
  "summary": "",
  "tags": [],
  "thumbnail_url": "https://i.ytimg.com/vi/JKYktDRoRxw/hqdefault.jpg",
  "title": "Technical Debt",
  "videos": [
    {
      "length": 0,
      "type": "youtube",
      "url": "https://www.youtube.com/watch?v=JKYktDRoRxw"
    }
  ]
}
