{
  "alias": "video/581/technical--standards-spec-style-analysis-of-unico",
  "category": "ChiPy",
  "copyright_text": "Creative Commons Attribution-NonCommercial-ShareAlike 3.0",
  "description": "",
  "duration": null,
  "id": 581,
  "language": "eng",
  "quality_notes": "",
  "recorded": "2010-01-14",
  "slug": "technical--standards-spec-style-analysis-of-unico",
  "speakers": [
    "Jordan Bettis"
  ],
  "summary": "It's a very educational presentation of Unicode, what it is, where it\ncomes from, how it works, Unicode in Python, ....\n",
  "tags": [
    "chipy",
    "unicode"
  ],
  "thumbnail_url": "https://archive.org/services/img/pyvideo_581___technical-standards-spec-style-analysis-of-unicode",
  "title": "Technical, standards-spec style analysis of Unicode",
  "videos": [
    {
      "type": "archive.org",
      "url": "https://archive.org/details/pyvideo_581___technical-standards-spec-style-analysis-of-unicode"
    }
  ]
}
