{
  "alias": "video/3455/terminal-whispering",
  "category": "PyCon US 2015",
  "copyright_text": "creativeCommon",
  "description": "Have you ever wanted to add a status bar to your command line program?\nOr maybe color the output a bit? Or do you want to write a fullscreen\nterminal application like ls, top, vim, or emacs? Then you need to speak\na bit of terminal! This talk describes how to talk to your terminal from\nscratch and goes on to show why Python libraries Blessings and Urwid are\nso awesome.\n",
  "duration": null,
  "id": 3455,
  "language": "eng",
  "quality_notes": "",
  "recorded": "2015-04-12",
  "slug": "terminal-whispering",
  "speakers": [
    "Thomas Ballinger"
  ],
  "summary": "",
  "tags": [],
  "thumbnail_url": "https://i.ytimg.com/vi/WAitSilLDUA/hqdefault.jpg",
  "title": "Terminal whispering",
  "videos": [
    {
      "length": 0,
      "type": "youtube",
      "url": "https://www.youtube.com/watch?v=WAitSilLDUA"
    }
  ]
}
