{
  "description": "The \"mock\" module is a powerful (and fun!) tool for unit testing, and it comes built in to the the Python standard library. I'll give an overview of some of the more useful features of the module, and finish with a warning about the dangers of too much mockery.",
  "duration": 300,
  "id": 4726,
  "language": "eng",
  "recorded": "2016-03-10",
  "slug": "the-wonder-and-the-horror-of-the-mock-module",
  "speakers": [
    "Stephen Hoover"
  ],
  "thumbnail_url": "https://i.ytimg.com/vi/PAt5P9mIALY/maxresdefault.jpg",
  "title": "The wonder and the horror of the mock module",
  "videos": [
    {
      "type": "youtube",
      "url": "http://youtu.be/PAt5P9mIALY"
    }
  ]
}
