{
  "alias": "video/3423/the-rest-ascendancy",
  "category": "PyCon US 2015",
  "copyright_text": "creativeCommon",
  "description": "As frontend web frameworks like AngularJS and Backbone.js take over, is\nPython on the server destined to be demoted to a basic REST interface?\nIf we embrace our new JavaScript overlords, how do we ensure Python is\nbest positioned for this new world of REST on the server?\n",
  "duration": null,
  "id": 3423,
  "language": "eng",
  "quality_notes": "",
  "recorded": "2015-04-11",
  "slug": "the-rest-ascendancy",
  "speakers": [
    "Jeff Schenck"
  ],
  "summary": "",
  "tags": [],
  "thumbnail_url": "https://i.ytimg.com/vi/HxP0lQCCiVo/hqdefault.jpg",
  "title": "The REST Ascendancy",
  "videos": [
    {
      "length": 0,
      "type": "youtube",
      "url": "https://www.youtube.com/watch?v=HxP0lQCCiVo"
    }
  ]
}
