{
  "alias": "video/3507/the-ethical-consequences-of-our-collective-activi",
  "category": "PyCon US 2015",
  "copyright_text": "creativeCommon",
  "description": "As more of the world is controlled by software, software developers have\nan increasing obligation to serve that world well. Yet, we don't yet\nhave a sense of what makes a good ethical standard. The fast pace,\nsuccess, and youth (in both historical and demographic terms) of our\nindustry have given us the sense that such a standard might not be\nrequired. This talk will correct that misconception.\n",
  "duration": null,
  "id": 3507,
  "language": "eng",
  "quality_notes": "",
  "recorded": "2015-04-12",
  "slug": "the-ethical-consequences-of-our-collective-activi",
  "speakers": [
    "Glyph"
  ],
  "summary": "",
  "tags": [],
  "thumbnail_url": "https://i.ytimg.com/vi/uSbKjRRbjZs/hqdefault.jpg",
  "title": "The Ethical Consequences Of Our Collective Activities",
  "videos": [
    {
      "length": 0,
      "type": "youtube",
      "url": "https://www.youtube.com/watch?v=uSbKjRRbjZs"
    }
  ]
}
