{
  "alias": "video/3393/the-slightly-less-sorry-state-of-ssl",
  "category": "PyCon US 2015",
  "copyright_text": "creativeCommon",
  "description": "",
  "duration": null,
  "id": 3393,
  "language": "eng",
  "quality_notes": "",
  "recorded": "2015-04-11",
  "slug": "the-slightly-less-sorry-state-of-ssl",
  "speakers": [
    "Benjamin Peterson"
  ],
  "summary": "We show off the security improvements made to the standard library TLS\nand networking modules over the last year.\n",
  "tags": [],
  "thumbnail_url": "https://i.ytimg.com/vi/4o-xqqidvKA/hqdefault.jpg",
  "title": "The (Slightly) Less Sorry State of SSL",
  "videos": [
    {
      "length": 0,
      "type": "youtube",
      "url": "https://www.youtube.com/watch?v=4o-xqqidvKA"
    }
  ]
}
