{
  "alias": "video/3449/to-orm-or-not-to-orm",
  "category": "PyCon US 2015",
  "copyright_text": "creativeCommon",
  "description": "Database ORMs make it really convenient to pythonically query a\ndatabase, but it's difficult to decide when to use them and when not\nto---and what the alternatives are. In this talk you'll learn strategies\nfor deciding when and where to use an ORM, when to be cautious, and how\nto tell that you're doing the right thing, drawn from real-world lessons\nlearned building the Inbox email platform.\n",
  "duration": null,
  "id": 3449,
  "language": "eng",
  "quality_notes": "",
  "recorded": "2015-04-12",
  "slug": "to-orm-or-not-to-orm",
  "speakers": [
    "Christine Spang"
  ],
  "summary": "",
  "tags": [],
  "thumbnail_url": "https://i.ytimg.com/vi/Sadng6tR7Q4/hqdefault.jpg",
  "title": "To ORM or not to ORM",
  "videos": [
    {
      "length": 0,
      "type": "youtube",
      "url": "https://www.youtube.com/watch?v=Sadng6tR7Q4"
    }
  ]
}
