{
  "alias": "video/578/twiggy--a-pythonic-logger",
  "category": "ChiPy",
  "copyright_text": "Creative Commons Attribution-NonCommercial-ShareAlike 3.0",
  "description": "",
  "duration": null,
  "id": 578,
  "language": "eng",
  "quality_notes": "",
  "recorded": "2010-04-08",
  "related_urls": [
    "http://python-%20twiggy.googlecode.com",
    "http://python-twiggy.googlecode.com",
    "http://pythontwiggy.googlecode.com/hg/note",
    "http://pythontwiggy.googlecode.com/hg/notes.html"
  ],
  "slug": "twiggy--a-pythonic-logger",
  "speakers": [
    "Peter Fein"
  ],
  "summary": "Twiggy is an early-stage project to build a more Pythonic logging\nmodule. It was started at Pycon 2010.\n\nHome:\n`http://python-twiggy.googlecode.com <http://python-%20twiggy.googlecode.com>`__.\n\nSee the notes for a quick overview\n`http://pythontwiggy.googlecode.com/hg/note\ns.html <http://pythontwiggy.googlecode.com/hg/notes.html>`__.\n",
  "tags": [
    "chipy",
    "logging",
    "twiggy"
  ],
  "thumbnail_url": "https://archive.org/services/img/pyvideo_578___twiggy-a-pythonic-logger",
  "title": "Twiggy: A Pythonic Logger",
  "videos": [
    {
      "type": "archive.org",
      "url": "https://archive.org/details/pyvideo_578___twiggy-a-pythonic-logger"
    }
  ]
}
