{
  "alias": "video/3400/twitter-network-analysis-with-networkx",
  "category": "PyCon US 2015",
  "copyright_text": "creativeCommon",
  "description": "Twitter's network is fascinating because of its connectivity: there are\nhashtags, followers, retweets, and replies. Using the network analysis\ntool NetworkX, we'll look at how to make sense of these channels. We'll\ncover the basics of network theory, including types of networks and how\nmeasure influence, and we'll apply those measures to our investigation\nof Twitter's network.\n",
  "duration": null,
  "id": 3400,
  "language": "eng",
  "quality_notes": "",
  "recorded": "2015-04-10",
  "slug": "twitter-network-analysis-with-networkx",
  "speakers": [
    "Celia La",
    "Sarah Guido"
  ],
  "summary": "",
  "tags": [],
  "thumbnail_url": "https://i.ytimg.com/vi/6Lauxn9oTt4/hqdefault.jpg",
  "title": "Twitter Network Analysis with NetworkX",
  "videos": [
    {
      "length": 0,
      "type": "youtube",
      "url": "https://www.youtube.com/watch?v=6Lauxn9oTt4"
    }
  ]
}
