{
  "alias": "video/3459/type-python-press-enter-what-happens",
  "category": "PyCon US 2015",
  "copyright_text": "creativeCommon",
  "description": "This talk discusses how the Python interpreter starts, from the\nperspective of the operating system (OS). Together, we will see the ins\n& outs of processes: fork(), exec(), stdin, and stdout.\n\nIt focuses on OS concepts and requires no background knowledge, using\nanalogies to Python data structures. (The talk does not discuss Python\u2019s\nown initialization, such as site.py or global variables.)\n",
  "duration": null,
  "id": 3459,
  "language": "eng",
  "quality_notes": "",
  "recorded": "2015-04-11",
  "slug": "type-python-press-enter-what-happens",
  "speakers": [
    "Asheesh Laroia",
    "Philip James"
  ],
  "summary": "",
  "tags": [],
  "thumbnail_url": "https://i.ytimg.com/vi/XVhSjZYwZJo/hqdefault.jpg",
  "title": "Type python, press enter. What happens?",
  "videos": [
    {
      "length": 0,
      "type": "youtube",
      "url": "https://www.youtube.com/watch?v=XVhSjZYwZJo"
    }
  ]
}
