{
  "alias": "video/1865/ultimate-language-shootout-iv-go-come-drink-the",
  "category": "ChiPy",
  "copyright_text": "CC BY",
  "description": "",
  "duration": 7,
  "id": 1865,
  "language": "eng",
  "quality_notes": "",
  "recorded": "2013-06-13",
  "slug": "ultimate-language-shootout-iv-go-come-drink-the",
  "speakers": [
    "David Sutton"
  ],
  "summary": "From the makers of the wildly successful Plan 9 operating system and B\nprogramming language. Go is Google's stab at systems programming.\n",
  "tags": [],
  "thumbnail_url": "https://i2.ytimg.com/vi/Aec6HTVv5EM/hqdefault.jpg",
  "title": "Ultimate Language Shootout IV: Go: come drink the delicious kool-aid",
  "videos": [
    {
      "type": "mp4",
      "url": "http://s3.us.archive.org/ndvchipy/Ultimate_Language_Shootout_IV_.mp4"
    },
    {
      "length": 0,
      "type": "youtube",
      "url": "https://www.youtube.com/watch?v=Aec6HTVv5EM"
    }
  ]
}
