{
  "alias": "video/1867/ultimate-language-shootout-iv-quasi",
  "category": "ChiPy",
  "copyright_text": "CC BY",
  "description": "",
  "duration": 7,
  "id": 1867,
  "language": "eng",
  "quality_notes": "",
  "recorded": "2013-06-13",
  "slug": "ultimate-language-shootout-iv-quasi",
  "speakers": [
    "Randy Baxley"
  ],
  "summary": "1977 - A language, the description of which was handed to me on about\none hundred and fifty mimeographed eight and one half by eleven sheets.\nRobert Sibley handed it to the class to use as our compiler project.\n",
  "tags": [],
  "thumbnail_url": "https://i1.ytimg.com/vi/Peww9AUH6yM/hqdefault.jpg",
  "title": "Ultimate Language Shootout IV: QUASI",
  "videos": [
    {
      "type": "mp4",
      "url": "http://s3.us.archive.org/ndvchipy/Ultimate_Language_Shootout_IV_.mp4"
    },
    {
      "length": 0,
      "type": "youtube",
      "url": "https://www.youtube.com/watch?v=Peww9AUH6yM"
    }
  ]
}
