{
  "alias": "video/1863/ultimate-language-shootout-iv-c-is-slightly-bet",
  "category": "ChiPy",
  "copyright_text": "CC BY",
  "description": "",
  "duration": 7,
  "id": 1863,
  "language": "eng",
  "quality_notes": "",
  "recorded": "2013-06-13",
  "slug": "ultimate-language-shootout-iv-c-is-slightly-bet",
  "speakers": [
    "Philip Doctor"
  ],
  "summary": "If you find yourself accidentally writing c#, you can still have some\nfun.\n",
  "tags": [],
  "thumbnail_url": "https://i3.ytimg.com/vi/fByR4ghTOS8/hqdefault.jpg",
  "title": "Ultimate Language Shootout IV: C# is slightly better than you might imagine",
  "videos": [
    {
      "type": "mp4",
      "url": "http://s3.us.archive.org/ndvchipy/Ultimate_Language_Shootout_IV_.mp4"
    },
    {
      "length": 0,
      "type": "youtube",
      "url": "https://www.youtube.com/watch?v=fByR4ghTOS8"
    }
  ]
}
