{
  "alias": "video/1864/ultimate-language-shootout-iv-coffeescript",
  "category": "ChiPy",
  "copyright_text": "CC BY",
  "description": "",
  "duration": 7,
  "id": 1864,
  "language": "eng",
  "quality_notes": "",
  "recorded": "2013-06-13",
  "slug": "ultimate-language-shootout-iv-coffeescript",
  "speakers": [
    "Feihong Hsu"
  ],
  "summary": "A brief introduction to CoffeeScript, given at ChiPy's Ultimate Language\nShootout IV.\n",
  "tags": [],
  "thumbnail_url": "https://i4.ytimg.com/vi/oH_cEl2SMr8/hqdefault.jpg",
  "title": "Ultimate Language Shootout IV: CoffeeScript",
  "videos": [
    {
      "type": "mp4",
      "url": "http://s3.us.archive.org/ndvchipy/Ultimate_Language_Shootout_IV_.mp4"
    },
    {
      "length": 0,
      "type": "youtube",
      "url": "https://www.youtube.com/watch?v=oH_cEl2SMr8"
    }
  ]
}
