{
  "alias": "video/1868/ultimate-language-shootout-iv-ruby",
  "category": "ChiPy",
  "copyright_text": "CC BY",
  "description": "",
  "duration": 7,
  "id": 1868,
  "language": "eng",
  "quality_notes": "",
  "recorded": "2013-06-13",
  "slug": "ultimate-language-shootout-iv-ruby",
  "speakers": [
    "Ross Heflin"
  ],
  "summary": "Ruby, what you need to know\n",
  "tags": [],
  "thumbnail_url": "https://i3.ytimg.com/vi/NP0-Df2tISA/hqdefault.jpg",
  "title": "Ultimate Language Shootout IV: Ruby",
  "videos": [
    {
      "type": "mp4",
      "url": "http://s3.us.archive.org/ndvchipy/Ultimate_Language_Shootout_IV_.mp4"
    },
    {
      "length": 0,
      "type": "youtube",
      "url": "https://www.youtube.com/watch?v=NP0-Df2tISA"
    }
  ]
}
