{
  "alias": "video/1866/ultimate-language-shootout-iv-haskell-or-how-a",
  "category": "ChiPy",
  "copyright_text": "CC BY-SA",
  "description": "",
  "duration": 7,
  "id": 1866,
  "language": "eng",
  "quality_notes": "",
  "recorded": "2013-06-13",
  "slug": "ultimate-language-shootout-iv-haskell-or-how-a",
  "speakers": [
    "Greg Kettler"
  ],
  "summary": "It's a compiled, statically typed, lazy, purely functional programming\nlanguage. About as far as possible from Python? Not quite. The languages\nhave a lot in common and Python has already borrowed a few tricks from\nHaskell.\n",
  "tags": [],
  "thumbnail_url": "https://i4.ytimg.com/vi/c5MPg88mdgc/hqdefault.jpg",
  "title": "Ultimate Language Shootout IV: Haskell or: How a List Comprehension Is Like a Burrito",
  "videos": [
    {
      "type": "mp4",
      "url": "http://s3.us.archive.org/ndvchipy/Ultimate_Language_Shootout_IV_.mp4"
    },
    {
      "length": 0,
      "type": "youtube",
      "url": "https://www.youtube.com/watch?v=c5MPg88mdgc"
    }
  ]
}
