{
  "alias": "video/564/using-opencv-with-python-and-ros",
  "category": "ChiPy",
  "copyright_text": "Creative Commons Attribution-NonCommercial-ShareAlike 3.0",
  "description": "",
  "duration": null,
  "id": 564,
  "language": "eng",
  "quality_notes": "",
  "recorded": "2011-06-09",
  "slug": "using-opencv-with-python-and-ros",
  "speakers": [
    "Bill Mania",
    "Eric Kinzle"
  ],
  "summary": "Bill Mania and Eric Kinzle A brief presentation of using the OpenCV\ncomputer vision toolset with Python and ROS. Included at the end will be\na demonstration of tracking a colored object using a camera with\nservo-driven pan and tilt capability.\n",
  "tags": [
    "billmania",
    "camera",
    "chipy",
    "image",
    "opencv",
    "robot",
    "ros"
  ],
  "thumbnail_url": "https://archive.org/services/img/pyvideo_564___using-opencv-with-python-and-ros",
  "title": "Using OpenCV with Python and ROS",
  "videos": [
    {
      "type": "archive.org",
      "url": "https://archive.org/details/pyvideo_564___using-opencv-with-python-and-ros"
    }
  ]
}
