{
  "alias": "video/575/using-python-for-blender-animations",
  "category": "ChiPy",
  "copyright_text": "Creative Commons Attribution-ShareAlike 3.0",
  "description": "A walk through using Blender 2.5's new Python API to automate various\nanimation tasks, using examples from the film Patent Absurdity:\nhttp://patentabsurdity.com/\nhttp://patentabsurdity.com/fsf\\_patent\\_anims.tar.gz has the sources of\nthe animations demonstrated.\n",
  "duration": null,
  "id": 575,
  "language": "eng",
  "quality_notes": "",
  "recorded": "2010-06-10",
  "related_urls": [
    "http://patentabsurdity.com/",
    "http://patentabsurdity.com/fsf\\_patent\\_anims.tar.gz"
  ],
  "slug": "using-python-for-blender-animations",
  "speakers": [
    "Christopher Allan Webber"
  ],
  "summary": "Creating tools with Python and Blender 2.5's bpy API\n",
  "tags": [
    "blender",
    "chipy",
    "chriswebber"
  ],
  "thumbnail_url": "https://archive.org/services/img/pyvideo_575___using-python-for-blender-animations",
  "title": "Using Python for Blender Animations",
  "videos": [
    {
      "type": "archive.org",
      "url": "https://archive.org/details/pyvideo_575___using-python-for-blender-animations"
    }
  ]
}
