{
  "alias": "video/3496/using-supervisor-for-fun-and-profit",
  "category": "PyCon US 2015",
  "copyright_text": "creativeCommon",
  "description": "Supervisor is a popular Python application that lets you control and\nmonitor process state on UNIX-like systems. This talk describes what it\nis, and how to use it effectively to make your application deployments\nbetter.\n",
  "duration": null,
  "id": 3496,
  "language": "eng",
  "quality_notes": "",
  "recorded": "2015-04-11",
  "slug": "using-supervisor-for-fun-and-profit",
  "speakers": [
    "Chris McDonough"
  ],
  "summary": "",
  "tags": [],
  "thumbnail_url": "https://i.ytimg.com/vi/p0iQfT85IvM/hqdefault.jpg",
  "title": "Using Supervisor For Fun And Profit",
  "videos": [
    {
      "length": 0,
      "type": "youtube",
      "url": "https://www.youtube.com/watch?v=p0iQfT85IvM"
    }
  ]
}
