{
  "alias": "video/590/web-apps-with-jython",
  "category": "ChiPy",
  "copyright_text": "No license (All rights reserved)",
  "description": "Building apps with Jython\n\nPresented on May 15th, 2009 at ChiPy\n\nTalks about go\\_pylons and snakefight and other things that allow you to\nbuild and run Python applications with Jython. WSGI to servlet adapter\nin Jython 2.5.\n",
  "duration": null,
  "id": 590,
  "language": "eng",
  "quality_notes": "",
  "recorded": "2009-05-15",
  "slug": "web-apps-with-jython",
  "speakers": [],
  "summary": "",
  "tags": [
    "chipy",
    "go_pylons",
    "jython",
    "snakefight",
    "wsgi"
  ],
  "thumbnail_url": "https://archive.org/services/img/pyvideo_590___web-apps-with-jython",
  "title": "Web Apps with Jython",
  "videos": [
    {
      "type": "archive.org",
      "url": "https://archive.org/details/pyvideo_590___web-apps-with-jython"
    }
  ]
}
