{
  "alias": "video/3506/websockets-from-the-wire-up",
  "category": "PyCon US 2015",
  "copyright_text": "creativeCommon",
  "description": "HTML5 WebSockets power the real-time web. Come take a deep dive into how\nthey work, from the big picture down to what goes over the wire,\nincluding insight into the performance benefits of the protocol, via a\nreal-world example of how WebSockets are implemented client- and\nserver-side in Python.\n",
  "duration": null,
  "id": 3506,
  "language": "eng",
  "quality_notes": "",
  "recorded": "2015-04-12",
  "slug": "websockets-from-the-wire-up",
  "speakers": [
    "Christine Spang"
  ],
  "summary": "",
  "tags": [],
  "thumbnail_url": "https://i.ytimg.com/vi/u5QT3luWx7w/hqdefault.jpg",
  "title": "WebSockets from the Wire Up",
  "videos": [
    {
      "length": 0,
      "type": "youtube",
      "url": "https://www.youtube.com/watch?v=u5QT3luWx7w"
    }
  ]
}
