{
  "alias": "video/2451/what-happened-at-aaronswhack",
  "category": "ChiPy",
  "copyright_text": "CC BY",
  "description": "",
  "duration": 4,
  "id": 2451,
  "language": "eng",
  "quality_notes": "",
  "recorded": "2013-11-14",
  "slug": "what-happened-at-aaronswhack",
  "speakers": [
    "Sheila Miguez"
  ],
  "summary": "Many python programmers showed up to participate in the Chicago\n#aaronswhack. Here's a list of what they worked on, and here are\npointers to local projects as well as worldwide projects.\n",
  "tags": [],
  "thumbnail_url": "https://archive.org/services/img/pyvideo_2451___What_happened_at_aaronswhack",
  "title": "What happened at #aaronswhack?",
  "videos": [
    {
      "type": "archive.org",
      "url": "https://archive.org/details/pyvideo_2451___What_happened_at_aaronswhack"
    },
    {
      "length": 0,
      "type": "youtube",
      "url": "https://www.youtube.com/watch?v=UJdPBKCPDnw"
    }
  ]
}
