{
  "alias": "video/3510/what-can-programmers-learn-from-pilots",
  "category": "PyCon US 2015",
  "copyright_text": "creativeCommon",
  "description": "What can Python-based software teams learn from aviation? Why should\nsoftware always fail hard? What's wrong with too many error logs? And\nwhy are ops people already like pilots? Learn all this, and about\nplanes, too.\n",
  "duration": null,
  "id": 3510,
  "language": "eng",
  "quality_notes": "",
  "recorded": "2015-04-11",
  "slug": "what-can-programmers-learn-from-pilots",
  "speakers": [
    "Andrew Godwin"
  ],
  "summary": "",
  "tags": [],
  "thumbnail_url": "https://i.ytimg.com/vi/we4G_X91e5w/hqdefault.jpg",
  "title": "What can programmers learn from pilots?",
  "videos": [
    {
      "length": 0,
      "type": "youtube",
      "url": "https://www.youtube.com/watch?v=we4G_X91e5w"
    }
  ]
}
