{
  "alias": "video/577/what--39-s-coming-up-in-python-2-7",
  "category": "ChiPy",
  "copyright_text": "",
  "description": "",
  "duration": null,
  "id": 577,
  "language": "eng",
  "quality_notes": "",
  "recorded": "2010-04-08",
  "slug": "what--39-s-coming-up-in-python-2-7",
  "speakers": [],
  "summary": "With 2.7 likely being the end of the 2.x line, come see what's in store\nfor the upcoming release. Changes to unittest, introduction of the\nargparse module, and a whole host of 3.1 features are here to ease your\neventual transition into the wonderful world of Python 3.\n",
  "tags": [
    "chipy",
    "python2.7"
  ],
  "thumbnail_url": "https://archive.org/services/img/pyvideo_577___what-s-coming-up-in-python-2-7",
  "title": "What's coming up in Python 2.7",
  "videos": [
    {
      "type": "archive.org",
      "url": "https://archive.org/details/pyvideo_577___what-s-coming-up-in-python-2-7"
    }
  ]
}
