{
  "alias": "video/3386/what-to-do-when-you-need-crypto",
  "category": "PyCon US 2015",
  "copyright_text": "creativeCommon",
  "description": "The cryptographic world doesn't lend itself to the typical developer\nflow of learning while doing. Add that to the massive amount of bad or\noutdated information on the web and many developers are lost or worse,\nbuild insecure systems. This tutorial will introduce developers to\nmodern cryptography with an eye towards practical scenarios around\npassword management, encryption and key management.\n",
  "duration": null,
  "id": 3386,
  "language": "eng",
  "quality_notes": "",
  "recorded": "2015-04-12",
  "slug": "what-to-do-when-you-need-crypto",
  "speakers": [
    "Jarret Raim",
    "Paul Kehrer"
  ],
  "summary": "",
  "tags": [],
  "thumbnail_url": "https://i.ytimg.com/vi/0m2ZUS9OH4k/hqdefault.jpg",
  "title": "What to do when you need crypto",
  "videos": [
    {
      "length": 0,
      "type": "youtube",
      "url": "https://www.youtube.com/watch?v=0m2ZUS9OH4k"
    }
  ]
}
