{
  "alias": "video/3504/where-in-your-ram-is-python-san_diegopy",
  "category": "PyCon US 2015",
  "copyright_text": "creativeCommon",
  "description": "Gumshoes, the rogue program ``san_diego.py`` is threatening to cause\nhavok! What is it doing to hide itself? What kind of things is it doing?\nWho might it be communicating with? RAM is a big place - how can we even\nfind it, much less any of this information? Stay tuned and find out!\n",
  "duration": null,
  "id": 3504,
  "language": "eng",
  "quality_notes": "",
  "recorded": "2015-04-12",
  "slug": "where-in-your-ram-is-python-san_diegopy",
  "speakers": [
    "Ying Li"
  ],
  "summary": "",
  "tags": [],
  "thumbnail_url": "https://i.ytimg.com/vi/tMKXcc2-xO8/hqdefault.jpg",
  "title": "Where in your RAM is \"python san_diego.py\"?",
  "videos": [
    {
      "length": 0,
      "type": "youtube",
      "url": "https://www.youtube.com/watch?v=tMKXcc2-xO8"
    }
  ]
}
