{
  "alias": "video/1871/who-saved-the-onion-from-being-hacked-by-syrian",
  "category": "ChiPy",
  "copyright_text": "CC BY",
  "description": "",
  "duration": 5,
  "id": 1871,
  "language": "eng",
  "quality_notes": "",
  "recorded": "2013-05-09",
  "slug": "who-saved-the-onion-from-being-hacked-by-syrian",
  "speakers": [
    "Sean Bloomfield"
  ],
  "summary": "Well, this isn't at all Python related (or even all that technical), but\nat The Onion, we recently had a little run-in with the \"hackers\" from\nthe \"Syrian Electronic Army\", and could talk about some lessons learned\nfrom that, if there's any interest.\n",
  "tags": [],
  "thumbnail_url": "https://i1.ytimg.com/vi/dXTtcs6DrzY/hqdefault.jpg",
  "title": "Who saved The Onion, from being hacked by \"Syrian Electronic Army\"",
  "videos": [
    {
      "type": "mp4",
      "url": "http://s3.us.archive.org/ndvchipy/Who_saved_The_Onion_from_being.mp4"
    },
    {
      "length": 0,
      "type": "youtube",
      "url": "https://www.youtube.com/watch?v=dXTtcs6DrzY"
    }
  ]
}
