{
  "alias": "video/3478/winning-machine-learning-competitions-with-scikit",
  "category": "PyCon US 2015",
  "copyright_text": "creativeCommon",
  "description": "This tutorial will offer an introduction machine learning and how to\napply it to a Kaggle competition. We will cover methodologies that have\nworked well across a diverse set of problems, and then work on a current\nKaggle competition together using iPython notebook and scikit-learn. We\nwill cover concepts including feature extraction, feature selection,\nmodel evaluation, and data visualization.\n",
  "duration": null,
  "id": 3478,
  "language": "eng",
  "quality_notes": "",
  "recorded": "2015-04-10",
  "slug": "winning-machine-learning-competitions-with-scikit",
  "speakers": [
    "Ben Hamner"
  ],
  "summary": "",
  "tags": [],
  "thumbnail_url": "https://i.ytimg.com/vi/gDbaCIE0mrA/hqdefault.jpg",
  "title": "Winning Machine Learning Competitions With Scikit-Learn",
  "videos": [
    {
      "length": 0,
      "type": "youtube",
      "url": "https://www.youtube.com/watch?v=gDbaCIE0mrA"
    }
  ]
}
