{
  "alias": "video/3483/your-brains-api-giving-and-getting-technical-he",
  "category": "PyCon US 2015",
  "copyright_text": "creativeCommon",
  "description": "Software engineers are never done learning since our field is always\nchanging. We are always beginners at some things and experts at others.\nAlong the way from beginner to expert we have to ask a lot of questions,\nbut it can be hard to get help. This talk gives concrete tools to help\nyou ask with confidence, and highlights common expert mistakes that\ninadvertently make people feel foolish.\n",
  "duration": null,
  "id": 3483,
  "language": "eng",
  "quality_notes": "",
  "recorded": "2015-04-12",
  "slug": "your-brains-api-giving-and-getting-technical-he",
  "speakers": [
    "Sasha Laundy"
  ],
  "summary": "",
  "tags": [],
  "thumbnail_url": "https://i.ytimg.com/vi/hY14Er6JX2s/hqdefault.jpg",
  "title": "Your Brain's API: Giving and Getting Technical Help",
  "videos": [
    {
      "length": 0,
      "type": "youtube",
      "url": "https://www.youtube.com/watch?v=hY14Er6JX2s"
    }
  ]
}
