{
  "alias": "video/3444/zen-of-quality",
  "category": "PyCon US 2015",
  "copyright_text": "creativeCommon",
  "description": "It is extremely important to PBS that digital viewers have an awesome\nexperience when viewing online videos. In this talk, we explain how PBS\nbuilt a system to collect, analyze, and measure who's getting a good\nexperience -- and who's not.\n",
  "duration": null,
  "id": 3444,
  "language": "eng",
  "quality_notes": "",
  "recorded": "2015-04-12",
  "slug": "zen-of-quality",
  "speakers": [
    "Mike Howsden"
  ],
  "summary": "",
  "tags": [],
  "thumbnail_url": "https://i.ytimg.com/vi/Q94pNl6jzuk/hqdefault.jpg",
  "title": "Zen of Quality",
  "videos": [
    {
      "length": 0,
      "type": "youtube",
      "url": "https://www.youtube.com/watch?v=Q94pNl6jzuk"
    }
  ]
}
